	1500
Coleoptile_Biomass_M	0.0
Straw_Biomass_M	0.0
ACCOAC_OSAc_M	0.0
ACCOAC_OSAr_M	0.0
ACPC_OSs_M	0.0
ACPC_OSm_M	0.0
FAC_Osc_M	0.0
FAC_Osr_M	0.0
EX_co2(e)	-22.200000000000156
EX_h2o(e)	0.0
EX_h(e)	0.0
EX_no3(e)	0.0
EX_o2(e)	0.0
EX_pi(e)	0.0
EX_sucr(e)	0.0
EX_fru-B(e)	0.0
EX_glc-A(e)	0.0
EX_so4(e)	0.0
EX_hco3(e)	0.0
EX_so3(e)	0.0
EX_h2s(e)	0.0
EX_nh4(e)	-0.6421255672077405
EX_asn-L(e)	0.0
EX_gln-L(e)	0.0
EX_etoh(e)	0.0
EX_ac(e)	0.0
EX_lac-L(e)	0.0
EX_tsul(e)	0.0
EX_fe2(e)	0.0
EX_fe3(e)	0.0
EX_mg2(e)	0.0
EX_ala-L(e)	0.0
EX_arg-L(e)	0.0
EX_asp-L(e)	0.0
EX_cys-L(e)	0.0
EX_glu-L(e)	0.0
EX_gly(e)	0.0
EX_his-L(e)	0.0
EX_ile-L(e)	0.0
EX_leu-L(e)	0.0
EX_lys-L(e)	0.0
EX_met-L(e)	0.0
EX_phe-L(e)	0.0
EX_pro-L(e)	0.0
EX_ser-L(e)	0.0
EX_thr-L(e)	0.0
EX_trp-L(e)	0.0
EX_tyr-L(e)	0.0
EX_val-L(e)	0.0
EX_photonVis(e)	-772.1472371539862
PRISM_blue_LED_M	0.0
PRISM_red_LED_M	0.0
PRISM_white_LED_M	0.0
PRISM_green_LED_M	0.0
PRISM_solar_litho_M	735.9217266405562
RPSI_410(u)_M	64.42746035661511
RPSI_430(u)_M	57.18347824849757
RPSI_450(u)_M	124.02557104205746
RPSI_470(u)_M	64.75674280321657
RPSI_490(u)_M	0.0
RPSI_510(u)_M	0.0
RPSI_530(u)_M	0.0
RPSI_550(u)_M	0.0
RPSI_570(u)_M	43.68334553081656
RPSI_590(u)_M	45.34063480132323
RPSI_610(u)_M	52.12369677673084
RPSI_630(u)_M	54.22002351126827
RPSI_650(u)_M	23.158726762301843
RPSI_670(u)_M	37.98363525748428
RPSI_690(u)_M	0.0
RPSII_410(u)_M	0.0
RPSII_430(u)_M	0.0
RPSII_450(u)_M	0.0
RPSII_470(u)_M	0.0
RPSII_490(u)_M	40.829652333884106
RPSII_510(u)_M	39.29310693889778
RPSII_530(u)_M	72.98850919674929
RPSII_550(u)_M	39.62232167191835
RPSII_570(u)_M	0.0
RPSII_590(u)_M	0.0
RPSII_610(u)_M	0.0
RPSII_630(u)_M	0.0
RPSII_650(u)_M	0.0
RPSII_670(u)_M	22.053579984344218
RPSII_690(u)_M	45.7669721797762
CO2tex_M	22.200000000000156
H2Otex_M	0.0
Htex_M	0.0
NO3tex_M	0.0
O2tex_M	0.0
Pitex_M	2.90920073138933
SUCRtex_M	0.0
FRUtex_M	0.0
GLCtex_M	0.0
SO4tex_M	0.0
SO3tex_M	0.0
HCO3tex_M	0.0
H2Stex_M	0.0
NH4tex_M	0.0
ASNtex_M	0.0
GLNtex_M	0.0
ETOHtex_M	0.0
ACtex_M	0.0
LACtex_M	0.0
TSULtex_M	0.0
FE2tex_M	0.0
FE3tex_M	0.0
MG2tex_M	0.0
ALAtex_M	0.0
ARGtex_M	0.0
ASPtex_M	0.0
CYStex_M	0.0
GLUtex_M	0.0
GLYtex_M	0.0
HIStex_M	0.0
ILEtex_M	0.0
LEUtex_M	0.0
LYStex_M	0.0
METtex_M	0.0
PHEtex_M	0.0
PROtex_M	0.0
SERtex_M	0.0
THRtex_M	0.0
TRPtex_M	0.0
TYRtex_M	0.0
VALtex_M	0.0
PPASc_M	13.260402332638602
PPASs_M	0.18873807007833004
PPASm_M	0.0
PPASx_M	0.0
PPASv_M	0.0
PPAIcxc_M	4.3283433193444285
PPAIcvc_M	0.0
APLs_M	0.006148984364406849
APLm_M	0.0
CATv_M	0.0
CATs_M	0.48196244232817803
CATx_M	4.152844551615289
CATm_M	0.9639248846563561
GLUSfm_M	0.0
GLUSfs_M	0.0
RBPCs_M	25.997979366251748
RBPC2s_M	0.0
CYOO6m_M	4.082189900064565
NO3Rm_M	0.0
AOXm_M	0.0
ATPPHc_M	0.0
ATPPHm_M	0.0
ATPPHs_M	0.0
ATPSs_M	139.462389750312
ATPSm_M	13.200356811773787
ATPSv_M	0.0
GLUSs_M	0.0
GLUSys_M	4.25897801902757
GTHRc_M	0.0
GTHRs_M	0.0
GTHRm_M	0.0
ADK1c_M	17.367811213773532
ADK1m_M	0.0
ADK1s_M	0.18873807007831872
ATPAPc_M	17.36781121377353
ADPAc_M	0.0
GAL1PUTc_M	0.0
DPCOAKc_M	0.0
URIKGc_M	0.0
URIKGs_M	0.0
DHDHc_M	0.0
BUPNc_M	0.0
DHPDc_M	0.0
TMDSc_M	0.0
CYTDc_M	0.0
GTPCYTDPTc_M	0.0
GTPCYTDPTs_M	0.0
DCTPDAc_M	0.0
CTPRc_M	0.0
UTPRc_M	0.0
ATPRc_M	0.0
GTPRc_M	0.0
DCAHc_M	0.0
UPRTs_M	0.0
UPRTc_M	0.0
UPHc_M	0.0
UPHs_M	0.0
DURIKc_M	0.0
TMDKc_M	0.0
ATCYc_M	0.0
ATCYs_M	0.0
AUPTc_M	0.0
AUPTs_M	0.0
DGSNHc_M	0.0
TPHc_M	0.0
TPHs_M	0.0
DUMPc_M	0.0
DCMPc_M	0.0
CMPc_M	0.0
CMPs_M	0.0
UMPc_M	0.0
UMPs_M	0.0
CTPSc_M	0.0
DUTNHc_M	0.0
DCDTc_M	0.0
DUDTc_M	0.0
TDSRs_M	0.0
TDSRc_M	0.0
TDSRm_M	0.0
ATDTDc_M	0.0
DTMPKc_M	0.0
ATDUDc_M	0.0
DUMPKc_M	0.0
ATDCDc_M	0.0
DCMPKc_M	0.0
ATCDc_M	0.0
ATCDs_M	0.0
CMPKc_M	0.0
CMPKs_M	0.0
ATUDc_M	0.0
ATUDs_M	0.2209344382095019
ATUDv_M	0.0
UMPKc_M	0.0
MATc_M	0.0
AMPDc_M	0.0
AMPPc_M	0.0
ADNKc_M	0.0
APPRTc_M	0.0
APPRTs_M	0.0
ADSHc_M	0.0
PEPSs_M	0.0
PYKc_M	0.03276479168589219
PYKs_M	0.0
PPDKs_M	0.0
PPDKc_M	0.0
MDH2c_M	0.0
MDH2s_M	0.0
PDCm_M	0.0
PDCs_M	0.0
ACSc_M	0.0
ACSx_M	0.0
ACSs_M	0.1683463219302727
GLU5Kc_M	0.0
GLU5Ks_M	0.014242763783650483
GDHym_M	0.0
GDHm_M	0.0
PYR5CDm_M	0.0
PYR5CDs_M	0.014242763783650483
PYR5CDym_M	0.0
PYR5CDys_M	0.0
GALc_M	0.0
GALm_M	0.0
GALs_M	4.25897801902757
AGATm_M	3.9773457838861503
AGATx_M	0.0
AGATs_M	0.0
ALAATc_M	-3.8867249405898905
ALAATm_M	0.0
ALAATs_M	0.0
AAATc_M	0.0
ARGDs_M	0.0
ARGDc_M	0.0
ARGDm_M	0.0
ASPCLc_M	0.0
ICDHc_M	0.0
ICDHm_M	0.0
GTHPs_M	0.0
GTHPc_M	0.0
GTHPm_M	0.0
UPGCDc_M	0.0
GALKc_M	0.0
UGLTc_M	0.0
THAc_M	0.0
THPc_M	0.0
TPSc_M	0.0
GLCNSc_M	0.0
GLCNGBc_M	0.0
GLCNGBv_M	0.0
GLCNGAc_M	0.0
GLCNGAv_M	0.0
GALUic_M	0.2209344382095019
GALUiv_M	0.0
MTGHc_M	0.0
MGHAc_M	0.0
MGHBc_M	0.0
SFHc_M	0.0
RGHc_M	0.0
SYGHc_M	0.0
GRGTc_M	0.0
RAFFINSc_M	0.0
IAGTc_M	0.0
UDPG4Ec_M	0.0
ATGDc_M	0.0
ATGDs_M	0.0
GTPDPKs_M	0.0
GBDPs_M	0.0
GDTPs_M	0.0
UMPKs_M	0.0
ATDADc_M	0.0
ATDGDc_M	0.0
PPCKc_M	0.0
MDHys_M	0.0
MDHs_M	-0.02039174814805733
MDHc_M	-4.815444402769203
MDHx_M	0.0
MDHm_M	0.0
MDHv_M	0.0
PPCc_M	0.0
ATPCSc_M	0.0
CSx_M	0.0
CSm_M	0.16219733756577834
OXAACc_M	0.0
OXAODc_M	0.0
ASPO1s_M	0.0
NNDPRs_M	0.0
NNATc_M	0.0
NADS(nh4)c_M	0.0
NADS(gln-L)c_M	0.0
QULNSs_M	0.0
NAMNPPc_M	0.0
NNAMc_M	0.0
NMNDAc_M	0.0
NMNNc_M	0.0
NMNATc_M	0.0
N2PHs_M	0.0
N2PHc_M	0.0
NADKc_M	0.0
NADKs_M	0.0
NADKm_M	0.0
NADHKc_M	0.0
NADHKs_M	0.0
NADHKm_M	0.0
ASPTAc_M	0.12141384126966367
ASPTAm_M	0.0
ASPTAs_M	-0.4563690395480755
GLYTAx_M	0.0
SUCL(GDP)m_M	0.0
SUCL(ADP)m_M	0.0
CTPCHc_M	0.0
LYSDCs_M	0.0
AASADc_M	0.0
SACCDyc_M	0.0
SACCDc_M	0.0
AATAc_M	0.0
PDHam1m_M	0.0
PDHam2m_M	0.0
PDHe2m_M	0.0
PDHe3m_M	0.0
PDHam1s_M	0.013441965819866137
PDHam2s_M	0.0
PDHe2s_M	0.0
PDHe3s_M	0.0
AKGDHam1m_M	0.0
AKGDHam2m_M	0.0
AKGDHe2m_M	0.0
OXADH1m_M	0.0
OXADH2m_M	0.0
DAPDCs_M	0.0
MALSs_M	0.0
MALSx_M	0.0
GOXx_M	8.305689103230579
ICLx_M	0.0
AMOx_M	0.0
AOBUTDx_M	0.0
THR3DHx_M	0.0
GLYATx_M	0.0
ASPKs_M	0.19136926338765647
ASPALs_M	0.0
ASPALc_M	0.0
ASNNc_M	0.0
FDHm_M	0.0
FDHNc_M	0.0
SULOx_M	0.0
SULOm_M	0.0
SUATc_M	0.0
SUATs_M	0.0
ARGNc_M	0.0
PTORc_M	0.0
PAOc_M	0.0
AMPORc_M	0.0
SPMDDHc_M	0.0
ABORc_M	0.0
ARG2MO_M	0.0
GABUTAHc_M	0.0
GABUTNAHc_M	0.0
CMPAc_M	0.0
AGDIc_M	0.0
AGMTc_M	0.0
ARDCc_M	0.0
NOSc_M	0.0
ARGDIc_M	0.0
HCGALc_M	0.0
ASNS1c_M	0.0
ASNS1s_M	0.0
PSPs_M	0.0
CYSTGLs_M	0.007292981455459286
CYSTBSs_M	0.0
SATc_M	0.0
SATs_M	0.0
SATm_M	0.0
SGATs_M	0.0
SGATx_M	4.3283433193444285
METSMTc_M	0.0
HCYSMTc_M	0.0
AMETAHYCSTc_M	0.0
HCYSMT2c_M	0.0
MSx_M	0.0
MSv_M	0.0
MSc_M	0.0
ACDOc_M	0.0
METLc_M	0.0
ACHYSLc_M	0.0
MOTAc_M	0.0
M5TRKc_M	0.0
MTANc_M	0.0
SPRMSc_M	0.0
ORDCc_M	0.0
SPMSc_M	0.0
AMCLc_M	0.0
ACPCSc_M	0.0
AMCPCOc_M	0.0
M5TRPIc_M	0.0
M5TRPHc_M	0.0
ACRSPc_M	0.0
ENOc_M	0.03276479168589219
ENOs_M	0.48368912007881915
ORNTAm_M	0.0
ORNTAc_M	0.0
TRPMOc_M	0.0
IAOc_M	0.0
TOORc_M	0.0
TRPTAc_M	0.0
ALAADc_M	0.0
INDPYRDc_M	0.0
IAOHLc_M	0.0
TRYPTORc_M	0.0
NTRLASEc_M	0.0
TRP2MOc_M	0.0
AMID3c_M	0.0
IAAGTc_M	0.0
IAAINOSTc_M	0.0
IAAIGSc_M	0.0
IAAIASc_M	0.0
IAAALASc_M	0.0
IAALEUSc_M	0.0
IAAASPSc_M	0.0
IAAGLUSc_M	0.0
IAAGLNSc_M	0.0
IAAALAHc_M	0.0
IAALEUHc_M	0.0
IAAAMYHc_M	0.0
SERHs_M	0.0
TRPS2s_M	0.0
PPDHc_M	0.0
PPDHs_M	0.001537246091101712
LDH_Lc_M	0.0
MALCOADCc_M	0.0
MALSADHm_M	0.0
MALSADHym_M	0.0
ICHDxm_M	0.0
ACALDHc_M	0.1683463219302727
ACALDHs_M	0.0
ACALDHm_M	0.0
GLYCRORc_M	0.0
GLYCORc_M	0.0
SSNOm_M	0.0
TYRDCc_M	0.0
34HPPORc_M	0.0
34HPPORs_M	0.0
HGDOc_M	0.0
PPORs_M	0.0
TYRTAc_M	0.0
TYRTAs_M	0.0
FAAc_M	0.0
MAAIc_M	0.0
ARGDHTs_M	0.0
ARGOAT1s_M	0.0
ARGOAT2s_M	0.0019269201002414483
ARGDHs_M	0.0019269201002414483
ALCDx2c_M	0.0
BETALDDHc_M	0.0
BETHCYSs_M	0.0
DMTGDHs_M	0.0
SARCOs_M	0.0
GLYDHDm_M	4.272076785720167
DHLDHm_M	4.272076785720167
MTAMnh4m_M	4.272076785720167
THRAc_M	0.1683463219302727
ALCDx1c_M	0.0
MAN6PIc_M	0.0
PMANMc_M	0.0
MANKINc_M	0.0
MDHARc_M	0.0
MDHARs_M	0.0
MDHARm_M	0.0
MDHARyc_M	0.0
MDHARys_M	0.0
MDHARym_M	0.0
ASCOXc_M	0.0
ASCPO1c_M	0.0
ASCPO1s_M	0.0
ASCPO2c_M	0.0
ASCPO2s_M	0.0
GGT1v_M	0.0
GGT2c_M	0.0
GGLUCTc_M	0.0
OPAHirc_M	0.0
CYSGLYv_M	0.0
GLUCYSs_M	0.0
GLUCYSm_M	0.0
GTHSs_M	0.0
GTHSm_M	0.0
GTHDHc_M	0.0
GTHDHs_M	0.0
GALLDHm_M	0.0
GALDHc_M	0.0
GDPGPc_M	0.0
GDPME1c_M	0.0
GDPME3c_M	0.0
GAMPGc_M	0.0
GMANDc_M	0.0
GOFUCRc_M	0.0
FUCPGTc_M	0.0
LACDHc_M	0.0
FCPAc_M	0.0
FCKc_M	0.0
FCIc_M	0.0
FUKc_M	0.0
FBPc_M	3.351069607807902
FBPs_M	11.553864779107764
SPSc_M	0.2209344382095019
SPSv_M	0.0
PGI1c_M	-3.1301351695984003
PGI1s_M	0.0
PGI2c_M	0.0
PGI2s_M	0.0
NO2Rs_M	0.0
NODOx_M	0.0
NODOy_M	0.0
NITRc_M	0.0
NITRv_M	0.0
BFFSc_M	0.0
BFFSv_M	0.0
INVc_M	0.0
INVv_M	0.0
SPPc_M	0.2209344382095019
SPPv_M	0.0
SUSc_M	0.0
SUSv_M	0.0
MI3PSc_M	0.0
SULRs_M	0.0
XYL2c_M	0.0
XYL2v_M	0.0
UDPACGEc_M	0.0
UDPACGLPc_M	0.0
ACGAMPMc_M	0.0
ACGAM6PSic_M	0.0
GAMPTc_M	0.0
GAMACTc_M	0.0
ACGAMKc_M	0.0
CAGHc_M	0.0
CHITNc_M	0.0
ACGAM2Ec_M	0.0
UAG2EMAic_M	0.0
ACNMLc_M	0.0
CMPSASc_M	0.0
GF6PTAc_M	0.0
FKc_M	0.0
MCPSTm_M	0.0
TSSTm_M	0.0
MCPSTs_M	0.0
TSSTs_M	0.0
SOXs_M	0.0
CYSATs_M	0.0
CYSATm_M	0.0
AATCs_M	0.0
AATCm_M	0.0
3SPYRSPs_M	0.0
3SPYRSPm_M	0.0
LCYSTSs_M	0.0
LCYSTSm_M	0.0
CYSSc_M	0.0
CYSSm_M	0.0
CYSSs_M	0.0
ALABATc_M	0.0
DHFRc_M	0.0
DHFRm_M	0.0
FPGSc_M	0.0
FTHFLc_M	0.0
FTHFLm_M	0.0
FTHFLs_M	0.0
CALANc_M	0.0
CALASc_M	0.0
MANITL_M	0.0
BG1c_M	0.0
BG2c_M	0.0
FORAc_M	0.0
FORMHLc_M	0.0
FTHDFc_M	0.0
FTHDFm_M	0.0
FTHDFs_M	0.0
SHMTs_M	0.0
SHMTm_M	4.272076785720167
MLTHFRc_M	0.0
MLTHFRs_M	0.0
METSc_M	0.0
METSs_M	0.0
MLTHFR_Fs_M	0.0
MLTHFR_Fc_M	0.0
GLPATs_M	0.0
HCGALm_M	0.0
ORPDCs_M	0.0
ATNSs_M	0.0
TALc_M	0.0
TPIc_M	-22.830745445785837
TPIs_M	-3.6245895540462545
RPDPKc_M	0.0
RPDPKs_M	0.0
PPMc_M	0.0
PPMs_M	0.0
RBKc_M	0.0
RBKs_M	0.0
AUNORs_M	0.0
RIBFSs_M	0.0
RIBFKc_M	0.0
FMNATs_M	0.0
FMNATc_M	0.0
FMNATm_M	0.0
GTPDHs_M	0.0
DHPAHs_M	0.0
R5PFLs_M	0.0
DLDLBTs_M	0.0
AUSs_M	0.0
RPIc_M	0.0
RPIs_M	11.550400612916421
GAPDHys_M	0.0
GAPDH1c_M	0.0
GAPDH2s_M	0.0
GAPDHc_M	-26.181815053593745
GAPDH1ys_M	-38.282719725178204
KHKc_M	0.0
FBA2c_M	0.0
FALDTKc_M	0.0
FALDTKs_M	0.0
GLYCNKc_M	0.0
GLYCNKs_M	0.0
FBAc_M	-3.351069607807906
FBAs_M	-11.553864779107766
HDCs_M	0.0
ADPARTs_M	0.0
PRDPARs_M	0.0
ANTPPTs_M	0.0
FUMm_M	-0.02039174814805733
ADSALc_M	0.0
ADSALs_M	0.0
ARGSL1c_M	0.02039174814805733
LATs_M	-0.006148984364406849
LATm_M	0.0
GSNPc_M	0.0
ADNPc_M	0.0
INSPc_M	0.0
ADNDAc_M	0.0
IMPc_M	0.0
GMPRc_M	0.0
IMPCs_M	0.0
GMPS2c_M	0.0
GMPS1c_M	0.0
GDKc_M	0.0
ATDGMc_M	0.0
ATDAMc_M	0.0
DGDTc_M	0.0
DADTc_M	0.0
IMPDc_M	0.0
INSKc_M	0.0
HXPRTc_M	0.0
ADSSc_M	0.0
ADSSs_M	0.0
MIOORc_M	0.0
PI45PLCc_M	0.0
PI5P4Kc_M	0.0
PI4P5Kc_M	0.0
PIK4c_M	0.0
PIK3c_M	0.0
PI3P5Kc_M	0.0
MI34Pc_M	0.0
MI346Pc_M	0.0
MI3456Pc_M	0.0
IBPHc_M	0.0
MI14PPc_M	0.0
MI134PPc_M	0.0
MI145PPc_M	0.0
MI1456PKc_M	0.0
MI145PKc_M	0.0
MI134PK1c_M	0.0
MI134PK2c_M	0.0
MI1346PK1c_M	0.0
MI1346PK2c_M	0.0
IPKK2c_M	0.0
IPKK5c_M	0.0
IPKK4c_M	0.0
IPKK6c_M	0.0
PHYTASEc_M	0.0
MIHPPc_M	0.0
MI1345PPc_M	0.0
MI1345PP2c_M	0.0
ITK1Kc_M	0.0
MI4PPc_M	0.0
MI3PPc_M	0.0
DHAD-bs_M	0.006148984364406849
HMGCOASc_M	0.0
HMGCOASm_M	0.0
GCOADx_M	0.0
GCOADCx_M	0.0
ACACTx_M	0.0
ACACTs_M	0.0
ACACTc_M	0.0
ACACTm_M	0.0
IPMSs_M	0.006148984364406849
HMNOm_M	0.0
MOD_M	0.0
MOD(2mhop)_M	0.0
DHRT(ibcoa)_M	0.0
MMSDm_M	0.0
MCDH1m_M	0.0
HIBHm_M	0.0
ECH1m_M	0.0
DHADm_M	0.0
VALATs_M	0.0
VALATm_M	0.0
MTHFDm_M	0.0
MTHFDs_M	0.0
MTHFDc_M	0.0
FTHFCLc_M	0.0
FTHFCLm_M	0.0
FTHFCLs_M	0.0
MTHFDym_M	0.0
MTHFDys_M	0.0
MTHFDyc_M	0.0
MOHMTm_M	0.0
GMPc_M	0.0
GNSKc_M	0.0
GUAPRTc_M	0.0
DAD2DAc_M	0.0
DGSNPP_M	0.0
DINSPc_M	0.0
DURIPP_M	0.0
DAD2NPc_M	0.0
DAMPHc_M	0.0
ADEDAc_M	0.0
ADNRHc_M	0.0
GTPDPKc_M	0.0
PPPGPPPc_M	0.0
PRODHm_M	0.0
P5CRc_M	0.0
P5CRs_M	0.0
P5CRyc_M	0.0
P5CRys_M	0.0
CYSTALs_M	0.0
GCALDDc_M	0.0
PGLYCPs_M	8.656686638688857
GLCRPUic_M	0.0
XYLXYLc_M	0.0
XSc_M	0.0
UGEc_M	0.0
UG46DHc_M	0.0
PECTNc_M	0.0
UDDGEc_M	0.0
URMNORc_M	0.0
UGDCc_M	0.0
HPRs_M	0.0
HPRx_M	0.0
HPRys_M	0.0
HPRyx_M	4.3283433193444285
ASPCT1c_M	0.0
THRSs_M	0.1840762819321972
AAPTc_M	0.0
UTPUc_M	0.0
UMPUc_M	0.0
ARABFv_M	0.0
ARABFc_M	0.0
UA4Ec_M	0.0
GLCURKc_M	0.0
PGKc_M	-26.181815053593745
PGKs_M	-38.282719725178204
PGLYDHs_M	0.0
GLYK1s_M	4.3283433193444285
GLYK2s_M	0.0
PGMc_M	0.03276479168589219
PGMs_M	0.48368912007881915
G6PEc_M	0.0
G6PEs_M	0.0
PRUKs_M	34.65466600494061
GLNKc_M	0.0
GLNKs_M	0.0
GNDc_M	0.0
GNDs_M	0.0
XYLIc_M	0.0
XYLKc_M	0.0
RPEc_M	0.0
RPEs_M	-23.10426539202419
3HPPDc_M	0.0
TKT1s_M	-11.550400612916421
ABTA1m_M	0.0
ABTA2m_M	0.0
MOPCs_M	0.006148984364406849
MTHFCc_M	0.0
MTHFCs_M	0.0
MTHFCm_M	0.0
GUADc_M	0.0
GSNRHc_M	0.0
CHRSs_M	0.0034641661913431612
CHRMs_M	0.0034641661913431604
ADCSs_M	0.0
UREASEc_M	0.0
ATAHc_M	0.0
ATNAHc_M	0.0
ATSc_M	0.0
HIUHc_M	0.0
UROc_M	0.0
XANDHc_M	0.0
HXANORc_M	0.0
INSRHc_M	0.0
HOMATs_M	0.0
HOMSTs_M	0.0
AHSLs_M	0.0
SHSL4s_M	0.0
SHSL1s_M	0.0
HSKs_M	0.19136926338765647
HSDHs_M	0.0
HSDHys_M	0.19136926338765647
GLUKAc_M	0.0
GLUKAs_M	0.0
ADE1c_M	0.0
ADE1s_M	0.0
GLUKBc_M	0.0
GLUKBs_M	0.0
BAMYLs_M	0.0
GGSs_M	0.0
MGHs_M	0.0
SPPAs_M	0.0
DPHSs_M	0.0034641661913431612
TALAs_M	0.0
FBA3s_M	11.550400612916421
TKT2s_M	-11.553864779107764
SBPs_M	11.550400612916421
ASPCTs_M	0.0
ORPRTs_M	0.0
ACONTc_M	0.16219733756577834
ACONc_M	0.16219733756577834
ACONTm_M	0.0
ACONm_M	0.0
ARGSSs_M	0.02039174814805733
ARGSSc_M	0.0
DHRs_M	0.0
PGLc_M	0.0
PGLs_M	0.0
PFPc_M	0.0
AGSs_M	0.0
XTSNPc_M	0.0
XSTNRHc_M	0.0
GSNDc_M	0.0
CYORm_M	8.16437980012913
NADORm_M	8.16437980012913
PTOXs_M	0.0
NADOR1u_M	0.0
SUCDH1m_M	0.0
BCTA3s_M	0.007292981455459286
BCTA3m_M	0.0
DHFSm_M	0.0
GACTs_M	0.02039174814805733
AOTAs_M	0.02039174814805733
AODAAc_M	0.0
OCTs_M	0.02039174814805733
OCTc_M	0.0
ASADHs_M	0.19136926338765647
DHDPSs_M	0.0
G3PLs_M	0.0
SKKs_M	0.0034641661913431612
SKDHs_M	0.0034641661913431612
SSs_M	0.0
DPRm_M	0.0
PANTSc_M	0.0
AGKc_M	0.02039174814805733
PRPNCOAHYDm_M	0.0
XMPc_M	0.0
DAPEPs_M	0.0
G6PDHc_M	0.0
G6PDHs_M	0.0
CELLBGc_M	0.0
CELLc_M	0.0
CELLSc_M	0.0
HDHs_M	0.0
HDAHs_M	0.0
HPs_M	0.0
PNTKc_M	0.0
PTPATic_M	0.0
KARAm_M	0.0
KARAs_M	0.006148984364406849
DHPSm_M	0.0
DHQSs_M	0.0034641661913431612
DQDHs_M	0.0034641661913431612
3HPCOAHYDc_M	0.0
AOOAs_M	0.0
PPCDCc_M	0.0
G5DHc_M	0.0
G5DHs_M	0.014242763783650483
GSCc_M	0.0
GSCm_M	0.0
GSCs_M	0.0
AGGPRc_M	0.02039174814805733
IGPDs_M	0.0
PSCITs_M	0.0034641661913431612
HPPKm_M	0.0
PYAM5POc_M	0.0
PDX5POic_M	0.0
PYDXNOc_M	0.0
PYDXOc_M	0.0
PYDXNKc_M	0.0
PYDAMKc_M	0.0
PYDXKc_M	0.0
PYDMPATc_M	0.0
PYDXNSc_M	0.0
DHNPTAc_M	0.0
IGPSs_M	0.0
PRAIs_M	0.0
IMDHTs_M	0.006148984364406849
PRADPs_M	0.0
PRACHs_M	0.0
PPRGLs_M	0.0
PSATs_M	0.0
DHPRs_M	0.0
DHPRys_M	0.0
TMMPKs_M	0.0
DXPSs_M	0.0
TMPPPs_M	0.0
HMPKs_M	0.0
THMKs_M	0.0
PMPKs_M	0.0
THICs_M	0.0
THZPSN3s_M	0.0
TYRLs_M	0.0
ICYSDSs_M	0.0
THMPs_M	0.0
TMDPKc_M	0.0
PRFGCLs_M	0.0
PRAICs_M	0.0
PPNCL2c_M	0.0
FPGFTs_M	0.0
FGFTs_M	0.0
IMDHs_M	0.006148984364406849
MOD(4mop)_M	0.0
MOD(3mhtpp)_M	0.0
DHRT(ivcoa)_M	0.0
IVCDHm_M	0.0
MCTCm_M	0.0
MGCm_M	0.0
HMGLm_M	0.0
PPCOAOc_M	0.0
FPGFTm_M	0.0
FGFTm_M	0.0
PRFGSs_M	0.0
IMGPSs_M	0.0
AIALs_M	0.0
FPAIFs_M	0.0
PRAISs_M	0.0
DNMPPAc_M	0.0
DNTPPAc_M	0.0
PRICIs_M	0.0
PFKc_M	0.0
PFKs_M	0.0
KARA2is_M	0.007292981455459286
DHAD-ps_M	0.007292981455459286
GLDPs_M	0.0
ADCLs_M	0.0
BPNTs_M	0.0
BPNT2s_M	0.0
ADSKs_M	0.0
ADSKc_M	0.0
PAPSRs_M	0.0
ASRGs_M	0.0
AAs_M	0.0
PHETAs_M	-0.001537246091101712
PHETAc_M	0.0
PPYRDCc_M	0.0
ALCD25c_M	0.0
DAPATs_M	0.0
PGMTc_M	-0.2209344382095019
PGMTv_M	0.0
PGMTs_M	0.0
ACHBSs_M	0.007292981455459286
MOD(3mop)_M	0.0
MOD(2mbdhl)_M	0.0
DHRT(2mbcoa)_M	0.0
MCDH2m_M	0.0
ECH2m_M	0.0
HMNOSm_M	0.0
ACCATm_M	0.0
CYSTS_Gs_M	0.007292981455459286
DHRDHm_M	0.0
CBMKs_M	0.02039174814805733
CBPSs_M	0.0
HCO3Es_M	0.0
HCO3Ec_M	0.0
HCO3Em_M	0.0
ACCOACs_M	0.0
ACCOACc_M	0.0
PHENH4Lc_M	0.0
TYRNH4Lc_M	0.0
COUMCOARc_M	0.0
COUMCOALc_M	0.0
CAFFCMTc_M	0.0
CAFFQTc_M	0.0
FERCOARc_M	0.0
TCMO4c_M	0.0
TCMO2c_M	0.0
SKMHCTc_M	0.0
CONOHDHc_M	0.0
SINOHDHc_M	0.0
COUMQMOc_M	0.0
FERH2c_M	0.0
CONCMTc_M	0.0
COUMSKMMOc_M	0.0
COUMCQHc_M	0.0
HCCSHCTc_M	0.0
COUMOHDHc_M	0.0
CINNCOARc_M	0.0
CINNCOALc_M	0.0
CINNALDOc_M	0.0
CINNOHDHc_M	0.0
TFCOASc_M	0.0
COUMGUTFc_M	0.0
COUMGUIc_M	0.0
EBGLCSc_M	0.0
COUMNSc_M	0.0
COUMHYc_M	0.0
UMBLFSc_M	0.0
PRENTc_M	0.0
MARMSc_M	0.0
PSORSc_M	0.0
PSORMOc_M	0.0
BGPTLMTc_M	0.0
PINCAOc_M	0.0
MALCINNMTc_M	0.0
PINCLc_M	0.0
NRGNDOc_M	0.0
DCHALSc_M	0.0
NRGCSc_M	0.0
CHALIc_M	0.0
NRGNAORc_M	0.0
NRGNNORc_M	0.0
APG3Hc_M	0.0
ERDTLHc_M	0.0
2HEDBTSc_M	0.0
2HEDBT6GTc_M	0.0
2HEDGDHc_M	0.0
2HEDBT8GTc_M	0.0
ORNTNSc_M	0.0
NRGNHc_M	0.0
2HNDBTSc_M	0.0
2HNDBT6GTc_M	0.0
2HNDGDHc_M	0.0
2HNDBT8GTc_M	0.0
VTXNSc_M	0.0
ISVTXNGTc_M	0.0
IORNTNMTc_M	0.0
ISCPRNGTc_M	0.0
IORNTNGTc_M	0.0
TRICINGTc_M	0.0
LTLNHOc_M	0.0
TRICINS1c_M	0.0
TRICINS2c_M	0.0
ISQTGNLc_M	0.0
LQTGN6Hc_M	0.0
NRGNMOc_M	0.0
DHKFORc_M	0.0
DHQORc_M	0.0
DHKMOc_M	0.0
KMPFLMOc_M	0.0
QRCTNGLT3c_M	0.0
KMPFLGLT3c_M	0.0
DHKRc_M	0.0
LCYCORc_M	0.0
ERYORc_M	0.0
LPLGRc_M	0.0
LCYCRc_M	0.0
LPLGDOc_M	0.0
PNGLTc_M	0.0
PLGNRc_M	0.0
CNDNRc_M	0.0
CNDNGLTc_M	0.0
CNDNGLT5c_M	0.0
CNDNG3Gc_M	0.0
CNDNG5Gc_M	0.0
LCYCDOc_M	0.0
GLUTRRs_M	0.0
HMBSs_M	0.0
PPBNGSs_M	0.0
UPP3Ss_M	0.0
G1SATs_M	0.0
GLUTRSs_M	0.0
UPP3MTs_M	0.0
PC2Ds_M	0.0
SHCHFs_M	0.0
MPMECY1s_M	0.0
MPMECY2s_M	0.0
MPMECY3s_M	0.0
CHLOR410s_M	0.0
CHLOR430s_M	0.0
CHLOR450s_M	0.0
CHLOR470s_M	0.0
CHLOR490s_M	0.0
CHLOR510s_M	0.0
CHLOR530s_M	0.0
CHLOR550s_M	0.0
CHLOR570s_M	0.0
CHLOR590s_M	0.0
CHLOR610s_M	0.0
CHLOR630s_M	0.0
CHLOR650s_M	0.0
CHLOR670s_M	0.0
CHLOR690s_M	0.0
DVCHLOR410s_M	0.0
DVCHLOR430s_M	0.0
DVCHLOR450s_M	0.0
DVCHLOR470s_M	0.0
DVCHLOR490s_M	0.0
DVCHLOR510s_M	0.0
DVCHLOR530s_M	0.0
DVCHLOR550s_M	0.0
DVCHLOR570s_M	0.0
DVCHLOR590s_M	0.0
DVCHLOR610s_M	0.0
DVCHLOR630s_M	0.0
DVCHLOR650s_M	0.0
DVCHLOR670s_M	0.0
DVCHLOR690s_M	0.0
CPPPGOs_M	0.0
PPPGOs_M	0.0
MPMTs_M	0.0
UPP1Rs_M	0.0
UPP1Ss_M	0.0
UPPDC1s_M	0.0
UPPDC2s_M	0.0
CPP1Os_M	0.0
UPP3Os_M	0.0
FCLTs_M	0.0
MGCHLs_M	0.0
DVCHLDRs_M	0.0
DVPCHLDRs_M	0.0
FCRs_M	0.0
HEMEOSm_M	0.0
HEMELs_M	0.0
HEMELm_M	0.0
HEMEASm_M	0.0
HOXGs_M	0.0
CHLBSEs_M	0.0
CHLBSNs_M	0.0
CHLDAOs_M	0.0
CHLAOs_M	0.0
CHLASEs_M	0.0
CHLASNs_M	0.0
FERO_M	0.0
FRDPFTm_M	0.0
CHORLm_M	0.0
HBZOPT8m_M	0.0
3OPHBH2m_M	0.0
3OPHBH1m_M	0.0
DHOPBMTm_M	0.0
OPHMBDCm_M	0.0
COQ6m_M	0.0
COQ5m_M	0.0
COQ7m_M	0.0
COQ3m_M	0.0
DHNCOASs_M	0.0
DHNCOAHs_M	0.0
ICHORMs_M	0.0
2SBZCOALs_M	0.0
SBZSs_M	0.0
DHNPPTs_M	0.0
DMPPTs_M	0.0
DHNOPTs_M	0.0
DMPQMTs_M	0.0
SEPHCHCSs_M	0.0
SEPHHCSs_M	0.0
MPQMTs_M	0.0
TMTDs_M	0.0
TMTBs_M	0.0
HPTs_M	0.0
FRDPFTs_M	0.0
OCTDPOTs_M	0.0
HGENTISSTs_M	0.0
MSBQMTs_M	0.0
TYCGs_M	0.0
TYCDs_M	0.0
HMGCOARc_M	-15.414456567216337
HMGCOARyc_M	15.414456567216337
MEVKc_M	0.0
PMEVKc_M	0.0
DPMVDc_M	0.0
IPDDIc_M	0.0
IPDDIm_M	0.0
IPDDIs_M	0.0
DXPRIis_M	0.0
IPDPS2s_M	0.0
IPDPS1s_M	0.0
DMPPS2s_M	0.0
DMPPS1s_M	0.0
MECDPDH5s_M	0.0
CDPMEKs_M	0.0
MEPCTs_M	0.0
MECDPSs_M	0.0
DMATTs_M	0.0
DMATTm_M	0.0
GRTTs_M	0.0
GRTTm_M	0.0
FRTTs_M	0.0
DMATTc_M	0.0
GRTTc_M	0.0
GGDRc_M	0.0
LIMSs_M	0.0
PSPPSc_M	0.0
SQLSc_M	0.0
SQLMOc_M	0.0
PRIMARTSc_M	0.0
SCODPSs_M	0.0
PRIMARDSs_M	0.0
MOMASys_M	0.0
MOMASs_M	0.0
STEMSs_M	0.0
STEMOc_M	0.0
P450MO1c_M	0.0
ESANDSs_M	0.0
ESANDO1c_M	0.0
P450MO4c_M	0.0
P450MO5c_M	0.0
P450MO6c_M	0.0
OZLNDO1c_M	0.0
OZLNDO2c_M	0.0
OZLNAOc_M	0.0
OZLNBOc_M	0.0
PRIMADNSs_M	0.0
EIKAURSs_M	0.0
EIKAUROc_M	0.0
ECASDSs_M	0.0
ECASDO1c_M	0.0
ECASDO2c_M	0.0
ECASDO3c_M	0.0
ECASDATEO1c_M	0.0
ECASDATEO2c_M	0.0
P450MO2c_M	0.0
ECASDATEO3c_M	0.0
ECASD2ATEO1c_M	0.0
ECASD2ATEO2c_M	0.0
P450MO3c_M	0.0
EKAURSs_M	0.0
ECPDs_M	0.0
EKAURO1c_M	0.0
EKAURO2c_M	0.0
EKAURO3c_M	0.0
EKAURATEO1c_M	0.0
EKAURATEO2c_M	0.0
EKAURATEO3c_M	0.0
GADO12c_M	0.0
GAAKGOR1c_M	0.0
GAAKGOR2c_M	0.0
GAAKGOR3c_M	0.0
GADO1c_M	0.0
GAAKORG12c_M	0.0
GAAKORG10c_M	0.0
GAAKORG11c_M	0.0
GAAKGOR4c_M	0.0
GADO2c_M	0.0
GADO3c_M	0.0
GADO4c_M	0.0
GADO5c_M	0.0
GAAKGOR5c_M	0.0
GAAKGOR6c_M	0.0
GADO6c_M	0.0
GAAKORG7c_M	0.0
GAAKORG15c_M	0.0
GAAKORG8c_M	0.0
GAAKORG9c_M	0.0
GADO7c_M	0.0
GA3DOc_M	0.0
GA2DOc_M	0.0
GA4DOc_M	0.0
VLXANDEOs_M	0.0
ANXANDEOs_M	0.0
ZXANEOys_M	0.0
ZXANEOs_M	0.0
ANXANEOys_M	0.0
ANXANEOs_M	0.0
ACAROTORs_M	0.0
CAROTEMOs_M	0.0
CPTXANORs_M	0.0
ZNXANMOs_M	0.0
PHYTDSs_M	0.0
PHYTFLDSs_M	0.0
BCAROTHs_M	0.0
BCPTXANHs_M	0.0
CAROTDSs_M	0.0
ZCARTDSs_M	0.0
CBGL1s_M	0.0
CBGL2s_M	0.0
PHYTS1s_M	0.0
PHYTS2s_M	0.0
NXANSs_M	0.0
LYCOPEC1s_M	0.0
LYCOPBC1s_M	0.0
LYCOPBC2s_M	0.0
LYCOPBC3s_M	0.0
NXANIs_M	0.0
XANXNDHs_M	0.0
EPCDOs_M	0.0
ABSALDOs_M	0.0
ABSH1s_M	0.0
ABSH2s_M	0.0
ECAROTHs_M	0.0
EECAROTLHs_M	0.0
LYCOPEC2s_M	0.0
HSTDHc_M	0.0
DXCSTNMOc_M	0.0
DXSTNORc_M	0.0
DXTSTc_M	0.0
DXTSTOc_M	0.0
DXSTNOc_M	0.0
DHDXSTNOc_M	0.0
TSTNORc_M	0.0
BRS1c_M	0.0
BRS2c_M	0.0
BRS3c_M	0.0
CAMPSTHc_M	0.0
22HCAMHc_M	0.0
CAMPST43EHc_M	0.0
CAMPSTLHc_M	0.0
22HCAM43Rc_M	0.0
CAM43Rc_M	0.0
DKSTIc_M	0.0
BRS5c_M	0.0
BRS4c_M	0.0
STR14DMc_M	0.0
CAMPSTc_M	0.0
STISTSc_M	0.0
DHAVESTRc_M	0.0
DHEPISTRc_M	0.0
MERGRc_M	0.0
DHAVESTSc_M	0.0
DHEPISTSc_M	0.0
CYEUOLSc_M	0.0
AVESTSc_M	0.0
METMTc_M	0.0
CYARTMTc_M	0.0
CSTLIc_M	0.0
CASc_M	0.0
CYECYCIc_M	0.0
DSTRc_M	0.0
IPDPT1s_M	0.0
IPDPT2s_M	0.0
ADMATs_M	0.0
CYTTHs_M	0.0
TZTNS1s_M	0.0
TZTNS2s_M	0.0
IPAMRPs_M	0.0
TZTNS3s_M	0.0
TZTNS4s_M	0.0
TZTNS5s_M	0.0
TZTNS6s_M	0.0
IPADEDHs_M	0.0
IPADETHs_M	0.0
CKTHs_M	0.0
ZTNRs_M	0.0
P450MOc_M	0.0
CKDH3c_M	0.0
CKDH2c_M	0.0
CKDH1c_M	0.0
TRNAIPTc_M	0.0
cZTNS1c_M	0.0
cZTNS2c_M	0.0
CKPc_M	0.0
cZTNS3c_M	0.0
CKGT1c_M	0.0
CKGT2c_M	0.0
CKGT3c_M	0.0
CKGT4c_M	0.0
CKGT5c_M	0.0
CKGT6c_M	0.0
CKGT7c_M	0.0
CKGT8c_M	0.0
CKOGT1c_M	0.0
CKOGT2c_M	0.0
CKOGT3c_M	0.0
C3STDH2c_M	0.0
C3STDH1c_M	0.0
C3STKR2c_M	0.0
C3STKR1c_M	0.0
LNS14DMc_M	0.0
C4STMO1c_M	0.0
C4STMO2c_M	0.0
LTHSTRLOc_M	0.0
7DHCSRc_M	0.0
C14STRc_M	0.0
CHLSTRc_M	0.0
CHLSTIc_M	0.0
D24STR1c_M	0.0
CHLSDDIc_M	0.0
LNSTLSc_M	0.0
SAM24MTc_M	0.0
C8STIc_M	0.0
LATOXc_M	0.0
C22SDc_M	0.0
D24STRc_M	0.0
THFGLUHv_M	0.0
URDGLLc_M	0.0
ALTNDAc_M	0.0
URDGLAHc_M	0.0
PYDXSc_M	0.0
PYAMPPc_M	0.0
PDXPPc_M	0.0
PYDXPPc_M	0.0
MCOATAs_M	0.0
ACOATAs_M	0.0
MACPCLs_M	0.0
ACMAT1s_M	0.0
3OAR40s_M	0.0
3HAD40s_M	0.0
EAR40ys_M	0.0
3OAS60s_M	0.0
3OAR60s_M	0.0
3HAD60s_M	0.0
EAR60ys_M	0.0
3OAS80s_M	0.0
3OAR80s_M	0.0
3HAD80s_M	0.0
EAR80ys_M	0.0
3OAS100s_M	0.0
3OAR100s_M	0.0
3HAD100s_M	0.0
EAR100ys_M	0.0
3OAS120s_M	0.0
3OAR120s_M	0.0
3HAD120s_M	0.0
EAR120ys_M	0.0
3OAS140s_M	0.0
3OAR140s_M	0.0
3HAD140s_M	0.0
EAR140ys_M	0.0
3OAS160s_M	0.0
3OAR160s_M	0.0
3HAD160s_M	0.0
EAR160ys_M	0.0
3OAS180s_M	0.0
3OAR180s_M	0.0
3HAD180s_M	0.0
EAR180ys_M	0.0
FAS161ACP_Ls_M	0.0
FAS181ACP_Ls_M	0.0
FAS182ACP_Ls_M	0.0
FAS183ACP_Ls_M	0.0
FA140ACPHs_M	0.0
FA160ACPHs_M	0.0
FA161ACPHs_M	0.0
FA180ACPHs_M	0.0
FA181ACPHs_M	0.0
FA182ACPHs_M	0.0
FA183ACPHs_M	0.0
FACOAL140r_M	0.0
FACOAL160r_M	0.0
FACOAL161r_M	0.0
FACOAL180r_M	0.0
FACOAL181r_M	0.0
FACOAL182r_M	0.0
FACOAL183r_M	0.0
FA200COAHr_M	0.0
FA220COAHr_M	0.0
FA240COAHr_M	0.0
FA260COAHr_M	0.0
FA280COAHr_M	0.0
FA300COAHr_M	0.0
FACOAL200r_M	0.0
FACOAL220r_M	0.0
FACOAL240r_M	0.0
FACOAL260r_M	0.0
FACOAL280r_M	0.0
FACOAL300r_M	0.0
ALFACOAR200r_M	0.0
ALFACOAR220r_M	0.0
ALFACOAR240r_M	0.0
ALFACOAR260r_M	0.0
ALFACOAR280r_M	0.0
ALFACOAR300r_M	0.0
ALFAACT200r_M	0.0
ALFAACT220r_M	0.0
PALMH1r_M	0.0
FAOH1r_M	0.0
HPALMDHr_M	0.0
OOFADH1r_M	0.0
OLEHr_M	0.0
HOLEDHr_M	0.0
OOFADH2r_M	0.0
FAOH2r_M	0.0
THYDRO91018Sc_M	0.0
OFAFTc_M	0.0
FAOH3r_M	0.0
FAOH4r_M	0.0
FAOH5r_M	0.0
FAOH6r_M	0.0
FAOH7r_M	0.0
FAOH8r_M	0.0
HARACDHr_M	0.0
HBEHDHr_M	0.0
HLGNCDHr_M	0.0
HCERODHr_M	0.0
HMNTDHr_M	0.0
HMLSDHr_M	0.0
OOFADH3r_M	0.0
OOFADH4r_M	0.0
OOFADH5r_M	0.0
OOFADH6r_M	0.0
OOFADH7r_M	0.0
OOFADH8r_M	0.0
FACOAL140c_M	0.0
FACOAL160c_M	0.0
FACOAL161c_M	0.0
FACOAL180c_M	0.0
FACOAL181c_M	0.0
FACOAL182c_M	0.0
FACOAL183c_M	0.0
FAS161COA_Lc_M	0.0
FAS181COA_Lc_M	0.0
FAS182COA_Lc_M	0.0
FAS183COA_Lc_M	0.0
3OCS200r_M	0.0
3OCR200r_M	0.0
3HCD200r_M	0.0
ECR200yr_M	0.0
3OCS220r_M	0.0
3OCR220r_M	0.0
3HCD220r_M	0.0
ECR220yr_M	0.0
3OCS240r_M	0.0
3OCR240r_M	0.0
3HCD240r_M	0.0
ECR240yr_M	0.0
3OCS260r_M	0.0
3OCR260r_M	0.0
3HCD260r_M	0.0
ECR260yr_M	0.0
3OCS280r_M	0.0
3OCR280r_M	0.0
3HCD280cr_M	0.0
ECR280yr_M	0.0
3OCS300r_M	0.0
3OCR300r_M	0.0
3HCD300r_M	0.0
ECR300yr_M	0.0
FA140ACOASc_M	0.0
FA160ACOASc_M	0.0
FA161ACOASc_M	0.0
FA180ACOASc_M	0.0
FA181ACOASc_M	0.0
FA182ACOASc_M	0.0
FA183ACOASc_M	0.0
FACOAL140x_M	0.0
FACOAL160x_M	0.0
FACOAL161x_M	0.0
FACOAL180x_M	0.0
FACOAL181x_M	0.0
FACOAL182x_M	0.0
FACOAL183x_M	0.0
ACOA80ORx_M	0.0
ECOAH3x_M	0.0
HACD3x_M	0.0
ACACT3x_M	0.0
ACOA60ORx_M	0.0
ECOAH2x_M	0.0
HACD2x_M	0.0
ACACT2x_M	0.0
ACOA40ORx_M	0.0
ECOAH1x_M	0.0
HACD1x_M	0.0
ACOA100ORx_M	0.0
ECOAH4x_M	0.0
HACD4x_M	0.0
ACACT4x_M	0.0
ACOA120ORx_M	0.0
ECOAH5x_M	0.0
HACD5x_M	0.0
ACACT5x_M	0.0
ACOA140ORx_M	0.0
ECOAH6x_M	0.0
HACD6x_M	0.0
ACACT6x_M	0.0
ACOA160ORx_M	0.0
ECOAH7x_M	0.0
HACD7x_M	0.0
ACACT7x_M	0.0
ACOA180ORx_M	0.0
ECOAH8x_M	0.0
HCAD8x_M	0.0
ACAT8x_M	0.0
FAOS183yx_M	0.0
FAOS182yx_M	0.0
FAOS181yx_M	0.0
FAOS161yx_M	0.0
FAOS183x_M	0.0
FAOS182x_M	0.0
FAOS181x_M	0.0
FAOS161x_M	0.0
3OCS60m_M	0.0
3OCR60m_M	0.0
3HCD60m_M	0.0
ECR60ym_M	0.0
3OCS80m_M	0.0
3OCR80m_M	0.0
3HCD80m_M	0.0
ECR80ym_M	0.0
3OCS100m_M	0.0
3OCR100m_M	0.0
3HCD100m_M	0.0
ECR100ym_M	0.0
3OCS120m_M	0.0
3OCR120m_M	0.0
3HCD120m_M	0.0
ECR120ym_M	0.0
3OCS140m_M	0.0
3OCR140m_M	0.0
3HCD140m_M	0.0
ECR140ym_M	0.0
3OCS160m_M	0.0
3OCR160m_M	0.0
3HCD160m_M	0.0
ECR160ym_M	0.0
MTE160m_M	0.0
MCOATAc_M	0.0
MCOATAm_M	0.0
ACOATAm_M	0.0
MACPCLm_M	0.0
3OAR40m_M	0.0
3HAD40m_M	0.0
EAR40ym_M	0.0
3OAS60m_M	0.0
3OAR60m_M	0.0
3HAD60m_M	0.0
EAR60ym_M	0.0
3OAS80m_M	0.0
3OAR80m_M	0.0
3HAD80m_M	0.0
EAR80ym_M	0.0
3OAS100m_M	0.0
3OAR100m_M	0.0
3HAD100m_M	0.0
EAR100ym_M	0.0
3OAS120m_M	0.0
3OAR120m_M	0.0
3HAD120m_M	0.0
EAR120ym_M	0.0
3OAS140m_M	0.0
3OAR140m_M	0.0
3HAD140m_M	0.0
EAR140ym_M	0.0
3OAS160m_M	0.0
3OAR160m_M	0.0
3HAD160m_M	0.0
EAR160ym_M	0.0
3OAS180m_M	0.0
3OAR180m_M	0.0
3HAD180m_M	0.0
EAR180ym_M	0.0
FAS161ACP_Lm_M	0.0
FAS181ACP_Lm_M	0.0
FAS182ACP_Lm_M	0.0
FAS183ACP_Lm_M	0.0
G3PDc_M	0.0
GLYCKr_M	0.0
GLYCKs_M	0.0
GLYCKm_M	0.0
G3PDNc_M	0.0
G3PATr_M	0.0
G3PATs_M	0.0
G3PATm_M	0.0
AGPATr_M	0.0
AGPATs_M	0.0
AGPATm_M	0.0
PAPAr_M	0.0
PAPAs_M	0.0
PAPAm_M	0.0
DAGKm_M	0.0
DAGACTr_M	0.0
TAGLc_M	0.0
DAGLc_M	0.0
MAGLc_M	0.0
CDPDAGSr_M	0.0
CDPDAGSm_M	0.0
CDIPTr_M	0.0
PGPSr_M	0.0
PGPSm_M	0.0
PGPPm_M	0.0
CLPNSm_M	0.0
PSSr_M	0.0
PSSm_M	0.0
PEDCr_M	0.0
PEDCm_M	0.0
ETHAPTr_M	0.0
PETHACTr_M	0.0
ETHAKr_M	0.0
ETHAKs_M	0.0
SERDCr_M	0.0
SERDCs_M	0.0
PETHAMTr_M	0.0
PETHAMTs_M	0.0
CHOLKr_M	0.0
CHOLKs_M	0.0
PCHOLPPr_M	0.0
PCHOLPPs_M	0.0
CHOLPCTr_M	0.0
CHOLPCTs_M	0.0
DAGCPr_M	0.0
DAGCPs_M	0.0
PLCr_M	0.0
PLAr_M	0.0
LPPr_M	0.0
GPEPEr_M	0.0
MGDGSs_M	0.0
DGDGSs_M	0.0
SQTs_M	0.0
UDPSQSs_M	0.0
LNL9LOs_M	0.0
OCDCYA9LOs_M	0.0
LNL13LOs_M	0.0
OCDCYA13LOs_M	0.0
LNL9HPLs_M	0.0
OCDCYA9HPLs_M	0.0
LNL13HPLs_M	0.0
OCDCYA13HPLs_M	0.0
HPDHs_M	0.0
ALOCs_M	0.0
OPRx_M	0.0
3OOPCOALx_M	0.0
OPC8ACOx_M	0.0
OPC8T2ECHx_M	0.0
OPC8HACDHx_M	0.0
OOPC8CTx_M	0.0
OPC6ACOx_M	0.0
OPC6T2ECHx_M	0.0
OPC6HACDHx_M	0.0
OOPC6CTx_M	0.0
OPC4ACOx_M	0.0
OPC4T2ECHx_M	0.0
OPC4HACDHx_M	0.0
OOPC4CTx_M	0.0
JASCHc_M	0.0
JASIc_M	0.0
AMETJASMTc_M	0.0
JASVSc_M	0.0
JASILSc_M	0.0
JASLSc_M	0.0
SERPTr_M	0.0
3DSPHRr_M	0.0
SLCBK1r_M	0.0
SGPL11r_M	0.0
SGPL12r_M	0.0
SLCBK2r_M	0.0
ASPHGNAr_M	0.0
PCAHr_M	0.0
ASPHGNAHr_M	0.0
SPHOORr_M	0.0
PCSr_M	0.0
DHCDSr_M	0.0
ASPHGNAT1r_M	0.0
ASPHGNAT2r_M	0.0
ASPHGNAT3r_M	0.0
UGCGr_M	0.0
UGALCGc_M	0.0
GLB1c_M	0.0
OACPSSTm_M	0.0
LACPLTm_M	0.0
MCOAMTc_M	0.0
MACPMMEc_M	0.0
3HGNORc_M	0.0
3HGMELc_M	0.0
GLUACPMEORc_M	0.0
GLUMEORc_M	0.0
HPIMMEORc_M	0.0
HPIMMELc_M	0.0
PIMACPMEc_M	0.0
PACPMEEc_M	0.0
AONSc_M	0.0
AMETAOTc_M	0.0
DTBTSc_M	0.0
BTNSc_M	0.0
PFRTc_M	0.0
CAAPc_M	0.0
PIOCMTc_M	0.0
FRCYOc_M	0.0
FRNCTIc_M	36.141573086581516
FRORc_M	36.141573086581516
FRPTc_M	0.0
FRPPTc_M	0.0
DEDOLDPSc_M	0.0
DEDOLDPSATc_M	0.0
DOLDPPc_M	0.0
DOLKc_M	0.0
GLCNACPTc_M	0.0
GLCNACTc_M	0.0
BDMTc_M	0.0
DOLPMTc_M	0.0
G13MTc_M	0.0
G16MT1c_M	0.0
G12MT1c_M	0.0
G12MT2c_M	0.0
DOLPMT1c_M	0.0
G12MT3c_M	0.0
G16MT2c_M	0.0
G12MT4c_M	0.0
UDPDOLPTc_M	0.0
DOLPGT1c_M	0.0
DOLPGT2c_M	0.0
DOLPGT3c_M	0.0
DOLASNTc_M	0.0
MG1Ac_M	0.0
MG1Bc_M	0.0
MG2Ac_M	0.0
MG2Bc_M	0.0
MG3Ac_M	0.0
MG3Bc_M	0.0
MM1c_M	0.0
MGAGT1c_M	0.0
MM2c_M	0.0
MGAGT2c_M	0.0
MGAGT3c_M	0.0
GPXTc_M	0.0
GPFTc_M	0.0
PIACGTc_M	0.0
ACGPIDc_M	0.0
GPIATc_M	0.0
GPIMTc_M	0.0
H6ET3c_M	0.0
H2MTc_M	0.0
H3MTc_M	0.0
H4ETc_M	0.0
H6MTc_M	0.0
A4GALTc_M	0.0
B3GALT3c_M	0.0
AGALSc_M	0.0
HXAMS1c_M	0.0
SIAT9c_M	0.0
GALGT2c_M	0.0
B3GALT42c_M	0.0
HXAMS2c_M	0.0
BGALSc_M	0.0
UDPACGALEc_M	0.0
ALATc_M	0.0
ALATs_M	0.0
ALATm_M	0.0
ARGTc_M	0.0
ARGTs_M	0.0
CYSTLc_M	0.0
CYSTLs_M	0.0
CYSTLm_M	0.0
GLNTLc_M	0.0
GLUTLc_M	0.0
LEUTLc_M	0.0
GLYTLc_M	0.0
GLYTLm_M	0.0
GLYTLs_M	0.0
SERTLc_M	0.0
SERTLs_M	0.0
SERTLm_M	0.0
THRTLc_M	0.0
THRTLm_M	0.0
LYSTLm_M	0.0
LYSTLs_M	0.0
LYSTLc_M	0.0
METTLc_M	0.0
METTLm_M	0.0
METTLs_M	0.0
PHETLc_M	0.0
PHETLs_M	0.0
PHETLm_M	0.0
ASNTLc_M	0.0
ASNTLs_M	0.0
ASNTLm_M	0.0
ILETLc_M	0.0
ILETLs_M	0.0
ILETLm_M	0.0
VALTLs_M	0.0
VALTLm_M	0.0
ASPTLc_M	0.0
ASPTLs_M	0.0
ASPTLm_M	0.0
TYRTLc_M	0.0
TYRTLs_M	0.0
TYRTLm_M	0.0
TRPTLc_M	0.0
TRPTLs_M	0.0
TRPTLm_M	0.0
PROTLc_M	0.0
PROTLs_M	0.0
PROTLm_M	0.0
HISTLc_M	0.0
HISTLs_M	0.0
HISTLm_M	0.0
METTc_M	0.0
BETAHHs_M	0.0
CHOLMOs_M	0.0
GLYB1s_M	0.0
ICHORSs_M	0.0
23DDHBDHs_M	0.0
ENTBSs_M	0.0
GDPMDHc_M	0.0
TDPGDHc_M	0.0
TDPDREc_M	0.0
DTDPDHRRc_M	0.0
ARAB5PIc_M	0.0
KDOPSc_M	0.0
KDOPPc_M	0.0
KDOCTc_M	0.0
UAGAATm_M	0.0
UHGADAm_M	0.0
U23GAATm_M	0.0
USHDm_M	0.0
LPADSSm_M	0.0
TDSKm_M	0.0
MOATm_M	0.0
MOAT2m_M	0.0
UACGAMCVTc_M	0.0
UACMDHc_M	0.0
UAMASc_M	0.0
GLURc_M	0.0
UAMAGSc_M	0.0
UAAGDSc_M	0.0
ALARc_M	0.0
ALAALAc_M	0.0
UGMDDSc_M	0.0
PAPPT3c_M	0.0
UAGPT3c_M	0.0
STCSDSc_M	0.0
TRPNRc_M	0.0
CNLNSs_M	0.0
ASPCT2s_M	0.0
CAVNS2s_M	0.0
ARGSL2s_M	0.0
ARGCAVs_M	0.0
CC3H1c_M	0.0
CAFFMTc_M	0.0
FERHc_M	0.0
HFERMTc_M	0.0
DHQRc_M	0.0
LCAKGORc_M	0.0
UDPGATc_M	0.0
UDPGAGGc_M	0.0
GENT1c_M	0.0
GENT2c_M	0.0
GENT3c_M	0.0
GENT4c_M	0.0
GENT5c_M	0.0
GENT6c_M	0.0
GENT7c_M	0.0
GENT8c_M	0.0
GENT9c_M	0.0
PLIVLPNSm_M	0.0
PRET1c_M	0.0
PRET2c_M	0.0
HUMSc_M	0.0
PLIBTNSm_M	0.0
PRET3c_M	0.0
PRET4c_M	0.0
CHUMSc_M	0.0
LGTHLc_M	0.0
GLYOXc_M	0.0
LACRc_M	0.0
HMGS_Ss_M	0.0
HMGDys_M	0.0
SFGTHs_M	0.0
NADOR2u_M	0.0
SODs_M	0.0
MRs_M	0.0
CBFCNCEFs_M	139.462389750312
CCEFs_M	95.54480661897995
FNORs_M	43.91758313133206
PSIMR_M	139.462389750312
PSIINC_M	43.917583131332066
ACHMSSCc_M	0.0
ACHMSSCs_M	0.0
ACSERLc_M	0.0
ACSERLs_M	0.0
PHOMSCc_M	0.0
PHOMSCs_M	0.0
SEAHCYSHYDc_M	0.0
SELCYSLY2_M	0.0
SELCYSTLc_M	0.0
SELCYSTLs_M	0.0
SELTORc_M	0.0
SUCHMSSELCYSL_M	0.0
SECYSTLc_M	0.0
METTSc_M	0.0
METSMTFc_M	0.0
SELMETLs_M	0.0
SELNPS_M	0.0
MCFTc_M	0.0
CYARTFTc_M	0.0
CAMPSTFTc_M	0.0
SITSTFTc_M	0.0
LEVSc_M	0.0
SSFTc_M	0.0
FFFTc_M	0.0
SFFTc_M	0.0
FRCEXHc_M	0.0
DGSNTTPc_M	0.0
ACPCDAc_M	0.0
AHCYSNc_M	0.0
ADECYCc_M	0.0
TYRMOc_M	0.0
4HTHBPTHLc_M	0.0
THBPTDHc_M	0.0
PHENMUTc_M	0.0
DRPAc_M	0.0
UDPGALMc_M	0.0
THD2c_M	0.0
MALTDPs_M	0.0
MALTGAMs_M	0.0
NRGNMTc_M	0.0
UDPGLTLNGc_M	0.0
UDPRMNLc_M	0.0
UDPGAPGNGc_M	0.0
UDPRMNAc_M	0.0
CRPESc_M	0.0
HUMLSc_M	0.0
ELMSc_M	0.0
GAAKORG4498c_M	0.0
NADtm_M	0.0
UACGAMtm_M	0.0
CKDOtm_M	0.0
THFtm_M	0.0
FORtm_M	0.0
ADENm_M	0.0
PYRt2m_M	-3.9773457838861503
ASPt2m_M	0.0
CYSt2m_M	0.0
THRt2m_M	0.0
LYSt2m_M	0.0
METt2m_M	0.0
PHEt2m_M	0.0
ILEt2m_M	0.0
VALt2m_M	0.0
TYRt2m_M	0.0
PROt2m_M	0.0
HISt2m_M	0.0
LEUt2m_M	0.0
TRPt2m_M	0.0
ASPGLU2m_M	0.0
ALAt2m_M	-3.9773457838861503
H2Otm_M	-18.837920509781625
CO2tm_M	-4.2720767857201665
NH4tm_M	-4.272076785720167
O2tmr_M	4.082189900064565
FADH2tm_M	0.0
FADtm_M	0.0
PItm_M	13.200356811773787
H2O2tm_M	0.9639248846563561
ATPtm_M	13.200356811773787
4ABUTtmi_M	0.0
SUCFUMtmr_M	0.02039174814805733
GLYtm_M	-4.566807787554184
SERtm_M	4.272076785720167
DICtm_M	0.02039174814805733
MALCITtm_M	0.16219733756577834
MALAKGtm_M	0.0
SO4AKGtm_M	0.0
AKGCITtm_M	0.0
AKGICITtm_M	0.0
MALICITtm_M	0.0
MALOAAtm_M	-4.69403056149954
OAAAKGtm_M	0.0
OAACITtm_M	0.0
OAAICITtm_M	0.0
ASNtm_M	0.0
ACACt2m_M	0.0
ORNtm_M	0.0
CITRtm_M	0.0
ACtm_M	0.0
COAtm_M	0.0
ACCOAtm_M	0.16219733756586585
AMETt2m_M	0.0
IPDPtm_M	0.0
HCO3(h)tmi_M	0.0
GCOAtm_M	0.0
GLXtm_M	3.9773457838861503
3HPCOAtm_M	0.0
CTPtm_M	0.0
2AHHMPtm_M	0.0
4ABZtm_M	0.0
THMPPt2m_M	0.0
FMNtm_M	0.0
PANTtm_M	0.0
2OXOADPTm_M	0.0
TSULtm_M	0.0
5FTHFtm_M	0.0
MLTHFtm_M	0.0
ACSERtmi_M	0.0
NA1ATPasem_M	0.0
NA1Htm_M	0.0
PInatm_M	0.0
PHEMEtm_M	0.0
FA40COAtm_M	0.0
MSAtm_M	0.0
MHDASCBtm_M	0.0
PINA1tm_M	0.0
CHORtm_M	0.0
SO3tm_M	0.0
GLYCtm_M	0.0
CDPDAGtm_M	0.0
PTD1INOtm_M	0.0
PEtm_M	0.0
PStm_M	0.0
PGPtm_M	0.0
PCtm_M	0.0
ACALDtm_M	0.0
H2Stm_M	0.0
PLIVLPNm_M	0.0
PLIBTNm_M	0.0
ACts_M	0.1683463219302727
NADts_M	0.0
5FTHFts_M	0.0
5MTHFts_M	0.0
MHDASCBts_M	0.0
DHORSts_M	0.0
OROTts_M	0.0
ACCOAts_M	-0.16219733756586585
SUCCOAtz_M	0.0
TSULts_M	0.0
ASPts_M	-0.2446080280123617
CYSts_M	0.0
GLYts_M	0.0
HISts_M	0.0
ILEts_M	-0.007292981455459286
LEUts_M	-0.006148984364406849
LYSts_M	0.0
METts_M	0.0
PHEts_M	-0.001537246091101712
PROts_M	0.0
SERts_M	0.0
THRts_M	-0.1840762819321972
TRPts_M	0.0
TYRts_M	-0.0019269201002414483
VALts_M	0.0
ARGt2s_M	0.0
THFts_M	0.0
FORts_M	0.0
G1P(pi)ts_M	0.0
G3P(pi)tsr_M	0.0
G6PA(pi)ts_M	0.0
G6PB(pi)ts_M	0.0
DHAP(pi)tsr_M	19.479675837977933
3PG(pi)tsr_M	-26.214579845279776
PEPPIts_M	0.0
ATP2ts_M	0.0
FMNts_M	0.0
4ABZts_M	0.0
NICRNTts_M	0.0
THMt2s_M	0.0
THMPPt2s_M	0.0
H2Ots_M	-38.847969357047255
CO2ts_M	25.99531599802419
H2Sts_M	0.0
TCP32_M	0.0
NH4ts_M	4.272076785720167
O2tsr_M	-12.820142484648994
Pits_M	57.139369336766165
SO4ts_M	0.0
NO2ts_M	0.0
HCYSts_M	0.0
ATPts_M	56.918434898556676
GLYCRts_M	4.3283433193444285
MALFUMts_M	0.0
MALOAAts_M	0.0
MALAKGts_M	3.765311099320227
MALGLUts_M	3.7449193511721695
SUCFUMtsr_M	0.0
UDPGALts_M	0.0
UDPGts_M	0.0
RIBFLVts_M	0.0
IPDPts_M	0.0
EKAURts_M	0.0
UTPUMPts_M	0.0
PPHNts_M	0.0
CHOLts_M	0.0
PCts_M	0.0
4ABUTts_M	0.0
GLU4ABUTtsi_M	0.0
GLYC3Pts_M	0.0
GLYCts_M	0.0
CTPts_M	0.0
UTPts_M	0.2209344382095019
FE2ts_M	0.0
FE3abcs_M	0.0
HCO3(h)tsi_M	0.47676078769613284
HGENTISts_M	0.0
PHEMEts_M	0.0
PINA1ts_M	0.0
MG2ts_M	0.0
METHFts_M	0.0
NA1ATPases_M	0.0
PYRts_M	0.01959095018424832
NA1Hts_M	0.0
SO3t_M	0.0
FA140s_M	0.0
FA160s_M	0.0
FA161s_M	0.0
FA180s_M	0.0
FA181s_M	0.0
FA182s_M	0.0
FA183s_M	0.0
ARGSUCts_M	0.02039174814805733
ACGLUts_M	0.02039174814805733
GLYBETts_M	0.0
AMETt2s_M	0.0
AC5GSAtr_M	0.02039174814805733
ACORNts_M	0.0
CHORts_M	0.0
26dap-Mts_M	0.0
STEMts_M	0.0
EIKAURts_M	0.0
ECASDts_M	0.0
ESANDts_M	0.0
DHZts_M	0.0
IPADNEts_M	0.0
TZTNRts_M	0.0
TZTNts_M	0.0
IPADNts_M	0.0
COA(h)ts_M	0.0
OPDAts_M	0.0
PYRtv_M	0.0
SUCRtv_M	0.0
FRUCtv_M	0.0
GLCAtv_M	0.0
GLCBtv_M	0.0
GLYtv_M	0.0
CYStv_M	0.0
H2Otv_M	0.0
GTHRDabcv_M	0.0
THFtv_M	0.0
HPGLUtv_M	0.0
NO2tvr_M	0.0
NO3tvr_M	0.0
O2tv_M	0.0
H2O2tv_M	0.0
PYRt2v_M	0.0
FA140COAabcx_M	0.0
FA160COAabcx_M	0.0
FA161COAabcx_M	0.0
FA180COAabcx_M	0.0
FA181COAabcx_M	0.0
FA182COAabcx_M	0.0
FA183COAabcx_M	0.0
ATP2tx_M	0.0
ATPtx_M	0.0
GLYtx_M	-4.3283433193444285
SERtx_M	4.3283433193444285
GLYCLTtx_M	8.305689103230579
MALOAAtx_M	0.0
H2Otx_M	-8.305689103230579
CITx_M	0.0
CO2tx_M	0.0
O2tx_M	4.152844551615289
PItx_M	0.0
CITtcx_M	0.0
ACtx_M	0.0
ALAtx_M	0.0
PYRt2x_M	0.0
SUCCtx_M	0.0
NH4tx_M	0.0
THRtx_M	0.0
ACCOAtx_M	0.0
COA(h)tx_M	0.0
GLXtx_M	-3.9773457838861503
GLUtx_M	0.0
AKGtx_M	0.0
GCOAtx_M	0.0
GLYCRtx_M	4.3283433193444285
FADH2tx_M	0.0
FADtx_M	0.0
NADPH2tx_M	4.3283433193444285
NADPtx_M	-4.3283433193444285
MTHGXLtx_M	0.0
B2COAtx_M	0.0
FA40COAtx_M	0.0
JAStx_M	0.0
OPDAtx_M	0.0
SO4tx_M	0.0
FA140CoAr_M	0.0
FA160CoAr_M	0.0
FA161CoAr_M	0.0
FA180CoAr_M	0.0
FA181CoAr_M	0.0
FA182CoAr_M	0.0
FA183CoAr_M	0.0
FA140r_M	0.0
FA160r_M	0.0
FA161r_M	0.0
FA180r_M	0.0
FA181r_M	0.0
FA182r_M	0.0
FA183r_M	0.0
NADPH2tr_M	0.0
NADPtr_M	0.0
UDPGr_M	0.0
GLUSIDEr_M	0.0
HYDRO16tr_M	0.0
HYDRO18tr_M	0.0
DHYDRO1016tr_M	0.0
DHYDRO1018tr_M	0.0
THYDRO91018tr_M	0.0
AMETt2r_M	0.0
ATPtr_M	0.0
ATP2tr_M	0.0
H2Otr_M	0.0
CO2tr_M	0.0
O2tr_M	0.0
MALCOAtr_M	0.0
Pitr_M	0.0
SERtr_M	0.0
COA(h)tr_M	0.0
GLYC3Ptr_M	0.0
TRIGLYCtr_M	0.0
CTPtr_M	0.0
CMPtr_M	0.0
CDPDAGtr_M	0.0
PTD1INOtr_M	0.0
PEtr_M	0.0
PStr_M	0.0
PGPtr_M	0.0
PCtr_M	0.0
CHOLtr_M	0.0
INOSTtr_M	0.0
FADH2tr_M	0.0
FADtr_M	0.0
O2tu_M	21.958791565666033
H2Otu_M	-43.917583131332066
DM_12O9DD(s)_M	0.0
DM_3-NON(s)_M	0.0
DM_3-NOND(s)_M	0.0
DM_9-NONAN(s)_M	0.0
DM_ACRTNL(s)_M	0.0
DM_ACT(s)_M	0.0
DM_ADE(s)_M	0.0
DM_AFZL(c)_M	0.0
DM_AMOB(c)_M	0.0
DM_AMYGD(c)_M	0.0
DM_APGNNP(c)_M	0.0
DM_AVITE1(s)_M	0.0
DM_BGPTN(c)_M	0.0
DM_BILIVERD(s)_M	0.0
DM_BRSNL(c)_M	0.0
DM_BTN(c)_M	0.0
DM_BUTIN(c)_M	0.0
DM_CADAVERINE(s)_M	0.0
DM_CAMP(c)_M	0.0
DM_CAMPSTFER(c)_M	0.0
DM_CATCN(c)_M	0.0
DM_CERDT(r)_M	0.0
DM_CEROOL(r)_M	0.0
DM_CHSTEROL(c)_M	0.0
DM_CHUMU(c)_M	0.0
DM_CNDM35DG(c)_M	0.0
DM_COA(c)_M	0.0
DM_COUMN(c)_M	0.0
DM_COUMOH(c)_M	0.0
DM_CPP1(s)_M	0.0
DM_CRPE(c)_M	0.0
DM_CYARTFER(c)_M	0.0
DM_CYTC(m)_M	0.0
DM_CYTC(s)_M	0.0
DM_C-ZTN7G(c)_M	0.0
DM_C-ZTN9G(c)_M	0.0
DM_ZTNG(c)_M	0.0
DM_DHBZCAROT(s)_M	0.0
DM_DHZ7G(c)_M	0.0
DM_DHZ9G(c)_M	0.0
DM_DHZG(c)_M	0.0
DM_DVCHLDA(s)_M	0.0
DM_EIHKAUR(c)_M	0.0
DM_ELM(c)_M	0.0
DM_ENTB(s)_M	0.0
DM_EPCTCN(c)_M	0.0
DM_EPLZN(c)_M	0.0
DM_ERGTOL(c)_M	0.0
DM_ETHYLENE(c)_M	0.0
DM_GA13(c)_M	0.0
DM_GA17(c)_M	0.0
DM_GA29CAT(c)_M	0.0
DM_GA34(c)_M	0.0
DM_GA51CAT(c)_M	0.0
DM_GA8CAT(c)_M	0.0
DM_GA98(c)_M	0.0
DM_GENTDP(c)_M	0.0
DM_HUML(c)_M	0.0
DM_HUMU(c)_M	0.0
DM_IORNTN2GCOUM(c)_M	0.0
DM_IPADNE7G(c)_M	0.0
DM_IPADNE9G(c)_M	0.0
DM_ISCPRN2GCOUM(c)_M	0.0
DM_ISCPRN2GFER(c)_M	0.0
DM_IVTXN2GFER(c)_M	0.0
DM_JASILE(c)_M	0.0
DM_JASLEU(c)_M	0.0
DM_JASVAL(c)_M	0.0
DM_JASKMPFL3G(c)_M	0.0
DM_LACXAN(s)_M	0.0
DM_LGNCOL(r)_M	0.0
DM_LGNDT(r)_M	0.0
DM_LIM(s)_M	0.0
DM_LTNNP(c)_M	0.0
DM_LUTEIN(c)_M	0.0
DM_MNQNNE(s)_M	0.0
DM_MOMA(s)_M	0.0
DM_ORNTN(c)_M	0.0
DM_OZLN-C(c)_M	0.0
DM_OZLN-E(c)_M	0.0
DM_OZLN-F(c)_M	0.0
DM_OZLN-S(c)_M	0.0
DM_PHAS(s)_M	0.0
DM_PHOM(c)_M	0.0
DM_photonDrain(u)_M	460.69751163259355
DM_PHTC-A(c)_M	0.0
DM_PHTC-B(c)_M	0.0
DM_PHTC-D(c)_M	0.0
DM_PHTC-E(c)_M	0.0
DM_PINBAN(c)_M	0.0
DM_PLAST(s)_M	0.0
DM_PLGNG(c)_M	0.0
DM_PQNNE(s)_M	0.0
DM_PRIMARDN(s)_M	0.0
DM_QRCTN3G(c)_M	0.0
DM_SCLGN(c)_M	0.0
DM_SQ12DGR_OS(s)_M	0.0
DM_SRNTN(c)_M	0.0
DM_STCSD(c)_M	0.0
DM_TRICING(c)_M	0.0
DM_TRPN(c)_M	0.0
DM_T-ZTN7G(c)_M	0.0
DM_T-ZTN9G(c)_M	0.0
DM_T-ZTNG(c)_M	0.0
DM_T-ZTNR(c)_M	0.0
DM_VTXN(c)_M	0.0
DM_YVITE(s)_M	0.0
DM_PSI_M	0.0
DM_PSII_M	0.0
DM_Phloem_M	0.0
ngam_atp_c_M	9.213727272727272
ngam_atp_s_M	0.0
ngam_atp_x_M	0.0
ngam_atp_m_M	0.0
ngam_nadphox_c_M	0.9639248846563561
ngam_nadphox_s_M	0.9639248846563561
ngam_nadphox_m_M	0.9639248846563561
RBPOs_M	8.656686638688857
DM_o2(c)_M	3.6211831483127828
DM_h(c)_M	0.0
DM_h(s)_M	0.0
DM_h(x)_M	0.0
DM_h(m)_M	0.0
DM_h(u)_M	0.0
DM_h(v)_M	0.0
DM_h(r)_M	0.0
Coleoptile_Biomass_BS	0.0
Straw_Biomass_BS	0.0
ACCOAC_OSAc_BS	0.0
ACCOAC_OSAr_BS	0.0
ACPC_OSs_BS	0.0
ACPC_OSm_BS	0.0
FAC_Osc_BS	0.0
FAC_Osr_BS	0.0
PRISM_blue_LED_BS	0.0
PRISM_red_LED_BS	0.0
PRISM_white_LED_BS	0.0
PRISM_green_LED_BS	0.0
PRISM_solar_litho_BS	36.22551051342998
RPSI_410(u)_BS	3.1714210329899686
RPSI_430(u)_BS	2.8148383414928304
RPSI_450(u)_BS	6.105118880275506
RPSI_470(u)_BS	3.1876298556125886
RPSI_490(u)_BS	0.5579206314165268
RPSI_510(u)_BS	0.0
RPSI_530(u)_BS	0.0
RPSI_550(u)_BS	1.9503960520975898
RPSI_570(u)_BS	2.1502986465859584
RPSI_590(u)_BS	2.231878178374748
RPSI_610(u)_BS	2.565772224450917
RPSI_630(u)_BS	2.6689632343267014
RPSI_650(u)_BS	1.139980883069072
RPSI_670(u)_BS	2.9553126279721673
RPSI_690(u)_BS	0.0
RPSII_410(u)_BS	0.0
RPSII_430(u)_BS	0.0
RPSII_450(u)_BS	0.0
RPSII_470(u)_BS	0.0
RPSII_490(u)_BS	1.4519058845537365
RPSII_510(u)_BS	1.9341905626542302
RPSII_530(u)_BS	3.592835911145541
RPSII_550(u)_BS	0.0
RPSII_570(u)_BS	0.0
RPSII_590(u)_BS	0.0
RPSII_610(u)_BS	0.0
RPSII_630(u)_BS	0.0
RPSII_650(u)_BS	0.0
RPSII_670(u)_BS	0.0
RPSII_690(u)_BS	2.2528644988302107
CO2tex_BS	0.0
H2Otex_BS	0.0
Htex_BS	0.0
NO3tex_BS	0.0
O2tex_BS	0.0
Pitex_BS	-2.90920073138933
SUCRtex_BS	0.0
FRUtex_BS	0.0
GLCtex_BS	0.0
SO4tex_BS	0.0
SO3tex_BS	0.0
HCO3tex_BS	0.0
H2Stex_BS	0.0
NH4tex_BS	0.6421255672077405
ASNtex_BS	0.0
GLNtex_BS	0.0
ETOHtex_BS	0.0
ACtex_BS	0.0
LACtex_BS	0.0
TSULtex_BS	0.0
FE2tex_BS	0.0
FE3tex_BS	0.0
MG2tex_BS	0.0
ALAtex_BS	0.0
ARGtex_BS	0.0
ASPtex_BS	0.0
CYStex_BS	0.0
GLUtex_BS	0.0
GLYtex_BS	0.0
HIStex_BS	0.0
ILEtex_BS	0.0
LEUtex_BS	0.0
LYStex_BS	0.0
METtex_BS	0.0
PHEtex_BS	0.0
PROtex_BS	0.0
SERtex_BS	0.0
THRtex_BS	0.0
TRPtex_BS	0.0
TYRtex_BS	0.0
VALtex_BS	0.0
PPASc_BS	0.6542956977054338
PPASs_BS	2.977413304054849
PPASm_BS	0.0
PPASx_BS	0.0
PPASv_BS	0.0
PPAIcxc_BS	0.07011814627947881
PPAIcvc_BS	0.0
APLs_BS	0.0154439607292079
APLm_BS	0.0
CATv_BS	0.0
CATs_BS	0.08109866878293298
CATx_BS	0.24561691400861754
CATm_BS	0.16219733756586605
GLUSfm_BS	0.0
GLUSfs_BS	0.00346416619131934
RBPCs_BS	0.3927894274916945
RBPC2s_BS	0.0
CYOO6m_BS	0.11913558519973119
NO3Rm_BS	0.0
AOXm_BS	0.0
ATPPHc_BS	0.0
ATPPHm_BS	0.0
ATPPHs_BS	0.0
ATPSs_BS	7.338517219342137
ATPSm_BS	0.5032350104250991
ATPSv_BS	0.0
GLUSs_BS	0.0
GLUSys_BS	0.7455445055087111
GTHRc_BS	0.0
GTHRs_BS	0.0
GTHRm_BS	0.0
ADK1c_BS	0.7244138439849204
ADK1m_BS	0.0
ADK1s_BS	0.017320830956660333
ATPAPc_BS	0.6629240003408441
ADPAc_BS	0.0
GAL1PUTc_BS	0.0
DPCOAKc_BS	0.0
URIKGc_BS	0.0
URIKGs_BS	0.0034641661909215853
DHDHc_BS	0.0
BUPNc_BS	0.0
DHPDc_BS	0.0
TMDSc_BS	0.0
CYTDc_BS	0.0
GTPCYTDPTc_BS	0.0
GTPCYTDPTs_BS	-0.006928332382252836
DCTPDAc_BS	0.0
CTPRc_BS	0.0
UTPRc_BS	0.0
ATPRc_BS	0.0
GTPRc_BS	0.0
DCAHc_BS	0.0
UPRTs_BS	0.003464166191331254
UPRTc_BS	0.0
UPHc_BS	0.0
UPHs_BS	-0.003464166191331254
DURIKc_BS	0.0
TMDKc_BS	0.0
ATCYc_BS	0.0
ATCYs_BS	0.006928332382252836
AUPTc_BS	0.0
AUPTs_BS	0.0
DGSNHc_BS	0.0
TPHc_BS	0.0
TPHs_BS	0.0
DUMPc_BS	0.0
DCMPc_BS	0.0
CMPc_BS	0.0
CMPs_BS	0.0
UMPc_BS	0.0
UMPs_BS	0.0
CTPSc_BS	0.0
DUTNHc_BS	0.0
DCDTc_BS	0.0
DUDTc_BS	0.0
TDSRs_BS	0.0
TDSRc_BS	0.0
TDSRm_BS	0.0
ATDTDc_BS	0.0
DTMPKc_BS	0.0
ATDUDc_BS	0.0
DUMPKc_BS	0.0
ATDCDc_BS	0.0
DCMPKc_BS	0.0
ATCDc_BS	0.0
ATCDs_BS	0.0
CMPKc_BS	0.0
CMPKs_BS	0.0
ATUDc_BS	0.0
ATUDs_BS	0.0
ATUDv_BS	0.0
UMPKc_BS	0.0
MATc_BS	0.0
AMPDc_BS	0.0
AMPPc_BS	0.0
ADNKc_BS	0.0
APPRTc_BS	0.0
APPRTs_BS	0.0
ADSHc_BS	0.0
PEPSs_BS	0.0
PYKc_BS	0.0
PYKs_BS	0.0
PPDKs_BS	0.0
PPDKc_BS	0.0
MDH2c_BS	0.0
MDH2s_BS	0.0
PDCm_BS	0.0
PDCs_BS	0.0
ACSc_BS	0.0
ACSx_BS	0.0
ACSs_BS	0.0
GLU5Kc_BS	0.004611738273305136
GLU5Ks_BS	0.0
GDHym_BS	0.0
GDHm_BS	0.0
PYR5CDm_BS	0.0
PYR5CDs_BS	0.0
PYR5CDym_BS	0.0
PYR5CDys_BS	0.0
GALc_BS	0.06756732819104694
GALm_BS	0.0
GALs_BS	0.7524728378905874
AGATm_BS	0.42111568173775626
AGATx_BS	0.0
AGATs_BS	0.0
ALAATc_BS	-0.5182787583985112
ALAATm_BS	0.0
ALAATs_BS	0.0
AAATc_BS	0.0
ARGDs_BS	0.0
ARGDc_BS	0.0
ARGDm_BS	0.0
ASPCLc_BS	0.0
ICDHc_BS	0.0
ICDHm_BS	0.16219733756577834
GTHPs_BS	0.0
GTHPc_BS	0.0
GTHPm_BS	0.0
UPGCDc_BS	0.0
GALKc_BS	0.0
UGLTc_BS	0.0
THAc_BS	0.0
THPc_BS	0.0
TPSc_BS	0.0
GLCNSc_BS	0.0
GLCNGBc_BS	0.0
GLCNGBv_BS	0.0
GLCNGAc_BS	0.0
GLCNGAv_BS	0.0
GALUic_BS	0.0
GALUiv_BS	0.0
MTGHc_BS	0.0
MGHAc_BS	0.0
MGHBc_BS	0.0
SFHc_BS	0.0
RGHc_BS	0.0
SYGHc_BS	0.0
GRGTc_BS	0.0
RAFFINSc_BS	0.0
IAGTc_BS	0.0
UDPG4Ec_BS	0.0
ATGDc_BS	0.0
ATGDs_BS	0.0
GTPDPKs_BS	0.0
GBDPs_BS	0.0
GDTPs_BS	0.0
UMPKs_BS	0.0
ATDADc_BS	0.0
ATDGDc_BS	0.0
PPCKc_BS	0.0
MDHys_BS	0.0
MDHs_BS	-0.010392498574005662
MDHc_BS	0.0
MDHx_BS	0.0
MDHm_BS	0.027713329530650005
MDHv_BS	0.0
PPCc_BS	0.0
ATPCSc_BS	0.0
CSx_BS	0.0
CSm_BS	0.0
OXAACc_BS	0.0
OXAODc_BS	0.0
ASPO1s_BS	0.0
NNDPRs_BS	0.0
NNATc_BS	0.0
NADS(nh4)c_BS	0.0
NADS(gln-L)c_BS	0.0
QULNSs_BS	0.0
NAMNPPc_BS	0.0
NNAMc_BS	0.0
NMNDAc_BS	0.0
NMNNc_BS	0.0
NMNATc_BS	0.0
N2PHs_BS	0.0
N2PHc_BS	0.0
NADKc_BS	0.0
NADKs_BS	0.0
NADKm_BS	0.0
NADHKc_BS	0.0
NADHKs_BS	0.0
NADHKm_BS	0.0
ASPTAc_BS	-0.027713329530650005
ASPTAm_BS	0.0
ASPTAs_BS	0.010392498574005662
GLYTAx_BS	0.0
SUCL(GDP)m_BS	0.0
SUCL(ADP)m_BS	0.0
CTPCHc_BS	0.0
LYSDCs_BS	0.0
AASADc_BS	0.0
SACCDyc_BS	0.0
SACCDc_BS	0.0
AATAc_BS	0.0
PDHam1m_BS	0.0
PDHam2m_BS	0.0
PDHe2m_BS	0.0
PDHe3m_BS	0.0
PDHam1s_BS	0.0154439607292079
PDHam2s_BS	0.0
PDHe2s_BS	0.0
PDHe3s_BS	0.0
AKGDHam1m_BS	0.0
AKGDHam2m_BS	0.0
AKGDHe2m_BS	0.0
OXADH1m_BS	0.0
OXADH2m_BS	0.0
DAPDCs_BS	0.018446953093220544
MALSs_BS	0.0
MALSx_BS	0.0
GOXx_BS	0.4912338280172351
ICLx_BS	0.0
AMOx_BS	0.0
AOBUTDx_BS	0.0
THR3DHx_BS	0.0
GLYATx_BS	0.0
ASPKs_BS	0.018446953093220548
ASPALs_BS	0.0
ASPALc_BS	0.06148984364406848
ASNNc_BS	0.0
FDHm_BS	0.0
FDHNc_BS	0.0
SULOx_BS	0.0
SULOm_BS	0.0
SUATc_BS	0.0
SUATs_BS	0.0
ARGNc_BS	0.0
PTORc_BS	0.0
PAOc_BS	0.0
AMPORc_BS	0.0
SPMDDHc_BS	0.0
ABORc_BS	0.0
ARG2MO_BS	0.0
GABUTAHc_BS	0.0
GABUTNAHc_BS	0.0
CMPAc_BS	0.0
AGDIc_BS	0.0
AGMTc_BS	0.0
ARDCc_BS	0.0
NOSc_BS	0.0
ARGDIc_BS	0.0
HCGALc_BS	0.0
ASNS1c_BS	0.0
ASNS1s_BS	0.0
PSPs_BS	0.0
CYSTGLs_BS	0.0
CYSTBSs_BS	0.04270326641448759
SATc_BS	0.0
SATs_BS	0.0
SATm_BS	0.0
SGATs_BS	0.0
SGATx_BS	0.07011814627947881
METSMTc_BS	0.0
HCYSMTc_BS	0.00346416619131934
AMETAHYCSTc_BS	-0.00346416619131934
HCYSMT2c_BS	0.0
MSx_BS	0.0
MSv_BS	0.0
MSc_BS	0.0
ACDOc_BS	0.0
METLc_BS	0.0
ACHYSLc_BS	0.0
MOTAc_BS	0.0
M5TRKc_BS	0.0
MTANc_BS	0.0
SPRMSc_BS	0.0
ORDCc_BS	0.0
SPMSc_BS	0.0
AMCLc_BS	0.0
ACPCSc_BS	0.0
AMCPCOc_BS	0.0
M5TRPIc_BS	0.0
M5TRPHc_BS	0.0
ACRSPc_BS	0.0
ENOc_BS	0.0
ENOs_BS	0.0
ORNTAm_BS	0.0
ORNTAc_BS	0.0
TRPMOc_BS	0.0
IAOc_BS	0.0
TOORc_BS	0.0
TRPTAc_BS	0.0
ALAADc_BS	0.0
INDPYRDc_BS	0.0
IAOHLc_BS	0.0
TRYPTORc_BS	0.0
NTRLASEc_BS	0.0
TRP2MOc_BS	0.0
AMID3c_BS	0.0
IAAGTc_BS	0.0
IAAINOSTc_BS	0.0
IAAIGSc_BS	0.0
IAAIASc_BS	0.0
IAAALASc_BS	0.0
IAALEUSc_BS	0.0
IAAASPSc_BS	0.0
IAAGLUSc_BS	0.0
IAAGLNSc_BS	0.0
IAAALAHc_BS	0.0
IAALEUHc_BS	0.0
IAAAMYHc_BS	0.0
SERHs_BS	0.0
TRPS2s_BS	0.0
PPDHc_BS	0.0
PPDHs_BS	0.0
LDH_Lc_BS	0.0
MALCOADCc_BS	0.0
MALSADHm_BS	0.0
MALSADHym_BS	0.0
ICHDxm_BS	0.0
ACALDHc_BS	0.0
ACALDHs_BS	0.0
ACALDHm_BS	0.0
GLYCRORc_BS	0.0
GLYCORc_BS	0.0
SSNOm_BS	0.0
TYRDCc_BS	0.0
34HPPORc_BS	0.0
34HPPORs_BS	0.0
HGDOc_BS	0.0
PPORs_BS	0.0
TYRTAc_BS	0.0
TYRTAs_BS	0.0
FAAc_BS	0.0
MAAIc_BS	0.0
ARGDHTs_BS	0.0
ARGOAT1s_BS	0.0
ARGOAT2s_BS	0.0
ARGDHs_BS	0.0
ALCDx2c_BS	0.0
BETALDDHc_BS	0.0
BETHCYSs_BS	0.0
DMTGDHs_BS	0.0
SARCOs_BS	0.0
GLYDHDm_BS	0.21055784086887813
DHLDHm_BS	0.21055784086887813
MTAMnh4m_BS	0.21055784086887813
THRAc_BS	0.0
ALCDx1c_BS	0.0
MAN6PIc_BS	0.0
PMANMc_BS	0.0
MANKINc_BS	0.0
MDHARc_BS	0.0
MDHARs_BS	0.0
MDHARm_BS	0.0
MDHARyc_BS	0.0
MDHARys_BS	0.0
MDHARym_BS	0.0
ASCOXc_BS	0.0
ASCPO1c_BS	0.0
ASCPO1s_BS	0.0
ASCPO2c_BS	0.0
ASCPO2s_BS	0.0
GGT1v_BS	0.0
GGT2c_BS	0.0
GGLUCTc_BS	0.0
OPAHirc_BS	0.0
CYSGLYv_BS	0.0
GLUCYSs_BS	0.0
GLUCYSm_BS	0.0
GTHSs_BS	0.0
GTHSm_BS	0.0
GTHDHc_BS	0.0
GTHDHs_BS	0.0
GALLDHm_BS	0.0
GALDHc_BS	0.0
GDPGPc_BS	0.0
GDPME1c_BS	0.0
GDPME3c_BS	0.0
GAMPGc_BS	0.0
GMANDc_BS	0.0
GOFUCRc_BS	0.0
FUCPGTc_BS	0.0
LACDHc_BS	0.0
FCPAc_BS	0.0
FCKc_BS	0.0
FCIc_BS	0.0
FUKc_BS	0.0
FBPc_BS	0.050891741709281846
FBPs_BS	0.17882996208067123
SPSc_BS	0.0
SPSv_BS	0.0
PGI1c_BS	-0.050891741709281846
PGI1s_BS	0.0
PGI2c_BS	0.0
PGI2s_BS	0.0
NO2Rs_BS	0.0
NODOx_BS	0.0
NODOy_BS	0.0
NITRc_BS	0.0
NITRv_BS	0.0
BFFSc_BS	0.0
BFFSv_BS	0.0
INVc_BS	0.0
INVv_BS	0.0
SPPc_BS	0.0
SPPv_BS	0.0
SUSc_BS	0.0
SUSv_BS	0.0
MI3PSc_BS	0.0
SULRs_BS	0.0
XYL2c_BS	0.0
XYL2v_BS	0.0
UDPACGEc_BS	0.0
UDPACGLPc_BS	0.0
ACGAMPMc_BS	0.0
ACGAM6PSic_BS	0.0
GAMPTc_BS	0.0
GAMACTc_BS	0.0
ACGAMKc_BS	0.0
CAGHc_BS	0.0
CHITNc_BS	0.0
ACGAM2Ec_BS	0.0
UAG2EMAic_BS	0.0
ACNMLc_BS	0.0
CMPSASc_BS	0.0
GF6PTAc_BS	0.0
FKc_BS	0.0
MCPSTm_BS	0.0
TSSTm_BS	0.0
MCPSTs_BS	0.0
TSSTs_BS	0.0
SOXs_BS	0.0
CYSATs_BS	0.0
CYSATm_BS	0.0
AATCs_BS	0.0
AATCm_BS	0.0
3SPYRSPs_BS	0.0
3SPYRSPm_BS	0.0
LCYSTSs_BS	0.0
LCYSTSm_BS	0.0
CYSSc_BS	0.0
CYSSm_BS	0.0
CYSSs_BS	0.0
ALABATc_BS	0.0
DHFRc_BS	0.0
DHFRm_BS	0.0
FPGSc_BS	0.0
FTHFLc_BS	0.0
FTHFLm_BS	0.0
FTHFLs_BS	0.0
CALANc_BS	0.0
CALASc_BS	0.0
MANITL_BS	0.0
BG1c_BS	0.0
BG2c_BS	0.0
FORAc_BS	0.0
FORMHLc_BS	0.0
FTHDFc_BS	0.0
FTHDFm_BS	0.0
FTHDFs_BS	0.0
SHMTs_BS	0.0
SHMTm_BS	0.21055784086887813
MLTHFRc_BS	0.0
MLTHFRs_BS	0.0
METSc_BS	0.0
METSs_BS	-0.00346416619131934
MLTHFR_Fs_BS	0.0
MLTHFR_Fc_BS	-0.00346416619131934
GLPATs_BS	2.9600924730981806
HCGALm_BS	0.0
ORPDCs_BS	0.0
ATNSs_BS	0.0
TALc_BS	0.0
TPIc_BS	-0.40855166587064606
TPIs_BS	0.0
RPDPKc_BS	0.0
RPDPKs_BS	0.0
PPMc_BS	0.0
PPMs_BS	0.003464166191331254
RBKc_BS	0.0
RBKs_BS	0.0
AUNORs_BS	0.0
RIBFSs_BS	0.0
RIBFKc_BS	0.0
FMNATs_BS	0.0
FMNATc_BS	0.0
FMNATm_BS	0.0
GTPDHs_BS	0.0
DHPAHs_BS	0.0
R5PFLs_BS	0.0
DLDLBTs_BS	0.0
AUSs_BS	0.0
RPIc_BS	0.0
RPIs_BS	0.17536579588933998
GAPDHys_BS	0.0
GAPDH1c_BS	0.0
GAPDH2s_BS	0.0
GAPDHc_BS	-0.4594434075799496
GAPDH1ys_BS	-0.5364898862420137
KHKc_BS	0.0
FBA2c_BS	0.0
FALDTKc_BS	0.0
FALDTKs_BS	0.0
GLYCNKc_BS	0.0
GLYCNKs_BS	0.0
FBAc_BS	-0.05089174170930358
FBAs_BS	-0.17882996208067123
HDCs_BS	0.0
ADPARTs_BS	0.003464166191343161
PRDPARs_BS	0.0
ANTPPTs_BS	0.0
FUMm_BS	-0.017320830956668164
ADSALc_BS	0.0
ADSALs_BS	0.0034641661913431612
ARGSL1c_BS	0.013856664765325002
LATs_BS	0.0
LATm_BS	0.0
GSNPc_BS	0.0
ADNPc_BS	0.0
INSPc_BS	0.0
ADNDAc_BS	0.0
IMPc_BS	0.0
GMPRc_BS	0.0
IMPCs_BS	0.0034641661913431612
GMPS2c_BS	0.0
GMPS1c_BS	0.0
GDKc_BS	0.0
ATDGMc_BS	0.0
ATDAMc_BS	0.0
DGDTc_BS	0.0
DADTc_BS	0.0
IMPDc_BS	0.0
INSKc_BS	0.0
HXPRTc_BS	0.0
ADSSc_BS	0.0
ADSSs_BS	0.0034641661913431612
MIOORc_BS	0.0
PI45PLCc_BS	0.0
PI5P4Kc_BS	0.0
PI4P5Kc_BS	0.0
PIK4c_BS	0.0
PIK3c_BS	0.0
PI3P5Kc_BS	0.0
MI34Pc_BS	0.0
MI346Pc_BS	0.0
MI3456Pc_BS	0.0
IBPHc_BS	0.0
MI14PPc_BS	0.0
MI134PPc_BS	0.0
MI145PPc_BS	0.0
MI1456PKc_BS	0.0
MI145PKc_BS	0.0
MI134PK1c_BS	0.0
MI134PK2c_BS	0.0
MI1346PK1c_BS	0.0
MI1346PK2c_BS	0.0
IPKK2c_BS	0.0
IPKK5c_BS	0.0
IPKK4c_BS	0.0
IPKK6c_BS	0.0
PHYTASEc_BS	0.0
MIHPPc_BS	0.0
MI1345PPc_BS	0.0
MI1345PP2c_BS	0.0
ITK1Kc_BS	0.0
MI4PPc_BS	0.0
MI3PPc_BS	0.0
DHAD-bs_BS	0.0154439607292079
HMGCOASc_BS	0.0
HMGCOASm_BS	0.0
GCOADx_BS	0.0
GCOADCx_BS	0.0
ACACTx_BS	0.0
ACACTs_BS	0.0
ACACTc_BS	0.0
ACACTm_BS	0.0
IPMSs_BS	0.0
HMNOm_BS	0.0
MOD_BS	0.0
MOD(2mhop)_BS	0.0
DHRT(ibcoa)_BS	0.0
MMSDm_BS	0.0
MCDH1m_BS	0.0
HIBHm_BS	0.0
ECH1m_BS	0.0
DHADm_BS	0.0
VALATs_BS	-0.0154439607292079
VALATm_BS	0.0
MTHFDm_BS	0.0
MTHFDs_BS	0.00346416619131934
MTHFDc_BS	0.0
FTHFCLc_BS	0.0
FTHFCLm_BS	0.0
FTHFCLs_BS	0.0
MTHFDym_BS	0.0
MTHFDys_BS	0.0
MTHFDyc_BS	0.0
MOHMTm_BS	0.0
GMPc_BS	0.0
GNSKc_BS	0.0
GUAPRTc_BS	0.0
DAD2DAc_BS	0.0
DGSNPP_BS	0.0
DINSPc_BS	0.0
DURIPP_BS	0.0
DAD2NPc_BS	0.0
DAMPHc_BS	0.0
ADEDAc_BS	0.0
ADNRHc_BS	0.0
GTPDPKc_BS	0.0
PPPGPPPc_BS	0.0
PRODHm_BS	0.0
P5CRc_BS	0.0
P5CRs_BS	0.0
P5CRyc_BS	0.004611738273305136
P5CRys_BS	0.0
CYSTALs_BS	0.04270326641448759
GCALDDc_BS	0.0
PGLYCPs_BS	0.14023629255895761
GLCRPUic_BS	0.0
XYLXYLc_BS	0.0
XSc_BS	0.0
UGEc_BS	0.0
UG46DHc_BS	0.0
PECTNc_BS	0.0
UDDGEc_BS	0.0
URMNORc_BS	0.0
UGDCc_BS	0.0
HPRs_BS	0.0
HPRx_BS	0.0
HPRys_BS	0.0
HPRyx_BS	0.07011814627947881
ASPCT1c_BS	0.0
THRSs_BS	0.0
AAPTc_BS	0.0
UTPUc_BS	0.0
UMPUc_BS	0.0
ARABFv_BS	0.0
ARABFc_BS	0.0
UA4Ec_BS	0.0
GLCURKc_BS	0.0
PGKc_BS	-0.4594434075799496
PGKs_BS	-0.5364898862420137
PGLYDHs_BS	0.0
GLYK1s_BS	0.07011814627947881
GLYK2s_BS	0.0
PGMc_BS	0.0
PGMs_BS	0.0
G6PEc_BS	0.0
G6PEs_BS	0.0
PRUKs_BS	0.5330257200506521
GLNKc_BS	0.0
GLNKs_BS	0.0
GNDc_BS	0.0
GNDs_BS	0.0
XYLIc_BS	0.0
XYLKc_BS	0.0
RPEc_BS	0.0
RPEs_BS	-0.3576599241613121
3HPPDc_BS	0.0
TKT1s_BS	-0.17882996208067123
ABTA1m_BS	0.0
ABTA2m_BS	0.0
MOPCs_BS	0.0
MTHFCc_BS	0.0
MTHFCs_BS	0.00346416619131934
MTHFCm_BS	0.0
GUADc_BS	0.0
GSNRHc_BS	0.0
CHRSs_BS	0.0
CHRMs_BS	0.0
ADCSs_BS	0.0
UREASEc_BS	0.0
ATAHc_BS	0.0
ATNAHc_BS	0.0
ATSc_BS	0.0
HIUHc_BS	0.0
UROc_BS	0.0
XANDHc_BS	0.0
HXANORc_BS	0.0
INSRHc_BS	0.0
HOMATs_BS	0.0
HOMSTs_BS	0.0
AHSLs_BS	0.0
SHSL4s_BS	0.0
SHSL1s_BS	0.0
HSKs_BS	0.0
HSDHs_BS	0.0
HSDHys_BS	0.0
GLUKAc_BS	0.0
GLUKAs_BS	0.0
ADE1c_BS	0.0
ADE1s_BS	0.0
GLUKBc_BS	0.0
GLUKBs_BS	0.0
BAMYLs_BS	0.0
GGSs_BS	0.0
MGHs_BS	0.0
SPPAs_BS	0.0
DPHSs_BS	0.0
TALAs_BS	0.0
FBA3s_BS	0.17882996208067123
TKT2s_BS	-0.17882996208067123
SBPs_BS	0.17882996208067123
ASPCTs_BS	0.0
ORPRTs_BS	0.0
ACONTc_BS	0.0
ACONc_BS	0.0
ACONTm_BS	0.0
ACONm_BS	0.0
ARGSSs_BS	0.013856664765325002
ARGSSc_BS	0.0
DHRs_BS	0.0
PGLc_BS	0.0
PGLs_BS	0.0
PFPc_BS	0.0
AGSs_BS	0.7400231182745451
XTSNPc_BS	0.0
XSTNRHc_BS	0.0
GSNDc_BS	0.0
CYORm_BS	0.23827117039946238
NADORm_BS	0.23827117039946238
PTOXs_BS	0.0
NADOR1u_BS	0.0
SUCDH1m_BS	0.0
BCTA3s_BS	0.0
BCTA3m_BS	0.0
DHFSm_BS	0.0
GACTs_BS	0.013856664765325002
AOTAs_BS	0.013856664765325002
AODAAc_BS	0.0
OCTs_BS	0.013856664765325002
OCTc_BS	0.0
ASADHs_BS	0.018446953093220548
DHDPSs_BS	0.018446953093220544
G3PLs_BS	0.0
SKKs_BS	0.0
SKDHs_BS	0.0
SSs_BS	1.4800462365490903
DPRm_BS	0.0
PANTSc_BS	0.0
AGKc_BS	0.013856664765325002
PRPNCOAHYDm_BS	0.0
XMPc_BS	0.0
DAPEPs_BS	0.018446953093220544
G6PDHc_BS	0.0
G6PDHs_BS	0.0
CELLBGc_BS	0.0
CELLc_BS	0.0
CELLSc_BS	0.0
HDHs_BS	0.003464166191343161
HDAHs_BS	0.003464166191343161
HPs_BS	0.003464166191343161
PNTKc_BS	0.0
PTPATic_BS	0.0
KARAm_BS	0.0
KARAs_BS	0.0154439607292079
DHPSm_BS	0.0
DHQSs_BS	0.0
DQDHs_BS	0.0
3HPCOAHYDc_BS	0.0
AOOAs_BS	-0.003464166191343161
PPCDCc_BS	0.0
G5DHc_BS	0.004611738273305136
G5DHs_BS	0.0
GSCc_BS	0.004611738273305136
GSCm_BS	0.0
GSCs_BS	0.0
AGGPRc_BS	0.013856664765325002
IGPDs_BS	0.003464166191343161
PSCITs_BS	0.0
HPPKm_BS	0.0
PYAM5POc_BS	0.0
PDX5POic_BS	0.0
PYDXNOc_BS	0.0
PYDXOc_BS	0.0
PYDXNKc_BS	0.0
PYDAMKc_BS	0.0
PYDXKc_BS	0.0
PYDMPATc_BS	0.0
PYDXNSc_BS	0.0
DHNPTAc_BS	0.0
IGPSs_BS	0.0
PRAIs_BS	0.0
IMDHTs_BS	0.0
PRADPs_BS	0.003464166191343161
PRACHs_BS	0.003464166191343161
PPRGLs_BS	0.0
PSATs_BS	0.0
DHPRs_BS	0.0
DHPRys_BS	0.018446953093220544
TMMPKs_BS	0.0
DXPSs_BS	0.0
TMPPPs_BS	0.0
HMPKs_BS	0.0
THMKs_BS	0.0
PMPKs_BS	0.0
THICs_BS	0.0
THZPSN3s_BS	0.0
TYRLs_BS	0.0
ICYSDSs_BS	0.0
THMPs_BS	0.0
TMDPKc_BS	0.0
PRFGCLs_BS	0.0
PRAICs_BS	0.0
PPNCL2c_BS	0.0
FPGFTs_BS	0.0
FGFTs_BS	0.0
IMDHs_BS	0.0
MOD(4mop)_BS	0.0
MOD(3mhtpp)_BS	0.0
DHRT(ivcoa)_BS	0.0
IVCDHm_BS	0.0
MCTCm_BS	0.0
MGCm_BS	0.0
HMGLm_BS	0.0
PPCOAOc_BS	0.0
FPGFTm_BS	0.0
FGFTm_BS	0.0
PRFGSs_BS	0.0
IMGPSs_BS	0.003464166191343161
AIALs_BS	0.0
FPAIFs_BS	0.0034641661913431612
PRAISs_BS	0.0
DNMPPAc_BS	0.0
DNTPPAc_BS	0.0
PRICIs_BS	0.003464166191343161
PFKc_BS	0.0
PFKs_BS	0.0
KARA2is_BS	0.0
DHAD-ps_BS	0.0
GLDPs_BS	0.0
ADCLs_BS	0.0
BPNTs_BS	0.0
BPNT2s_BS	0.0
ADSKs_BS	0.0
ADSKc_BS	0.0
PAPSRs_BS	0.0
ASRGs_BS	0.0
AAs_BS	0.0
PHETAs_BS	0.0
PHETAc_BS	0.0
PPYRDCc_BS	0.0
ALCD25c_BS	0.0
DAPATs_BS	0.018446953093220544
PGMTc_BS	-2.9600924730981806
PGMTv_BS	0.0
PGMTs_BS	0.0
ACHBSs_BS	0.0
MOD(3mop)_BS	0.0
MOD(2mbdhl)_BS	0.0
DHRT(2mbcoa)_BS	0.0
MCDH2m_BS	0.0
ECH2m_BS	0.0
HMNOSm_BS	0.0
ACCATm_BS	0.0
CYSTS_Gs_BS	0.0
DHRDHm_BS	0.0
CBMKs_BS	0.013856664765325002
CBPSs_BS	0.0
HCO3Es_BS	0.0
HCO3Ec_BS	0.0
HCO3Em_BS	0.0
ACCOACs_BS	0.0
ACCOACc_BS	0.0
PHENH4Lc_BS	0.0
TYRNH4Lc_BS	0.0
COUMCOARc_BS	0.0
COUMCOALc_BS	0.0
CAFFCMTc_BS	0.0
CAFFQTc_BS	0.0
FERCOARc_BS	0.0
TCMO4c_BS	0.0
TCMO2c_BS	0.0
SKMHCTc_BS	0.0
CONOHDHc_BS	0.0
SINOHDHc_BS	0.0
COUMQMOc_BS	0.0
FERH2c_BS	0.0
CONCMTc_BS	0.0
COUMSKMMOc_BS	0.0
COUMCQHc_BS	0.0
HCCSHCTc_BS	0.0
COUMOHDHc_BS	0.0
CINNCOARc_BS	0.0
CINNCOALc_BS	0.0
CINNALDOc_BS	0.0
CINNOHDHc_BS	0.0
TFCOASc_BS	0.0
COUMGUTFc_BS	0.0
COUMGUIc_BS	0.0
EBGLCSc_BS	0.0
COUMNSc_BS	0.0
COUMHYc_BS	0.0
UMBLFSc_BS	0.0
PRENTc_BS	0.0
MARMSc_BS	0.0
PSORSc_BS	0.0
PSORMOc_BS	0.0
BGPTLMTc_BS	0.0
PINCAOc_BS	0.0
MALCINNMTc_BS	0.0
PINCLc_BS	0.0
NRGNDOc_BS	0.0
DCHALSc_BS	0.0
NRGCSc_BS	0.0
CHALIc_BS	0.0
NRGNAORc_BS	0.0
NRGNNORc_BS	0.0
APG3Hc_BS	0.0
ERDTLHc_BS	0.0
2HEDBTSc_BS	0.0
2HEDBT6GTc_BS	0.0
2HEDGDHc_BS	0.0
2HEDBT8GTc_BS	0.0
ORNTNSc_BS	0.0
NRGNHc_BS	0.0
2HNDBTSc_BS	0.0
2HNDBT6GTc_BS	0.0
2HNDGDHc_BS	0.0
2HNDBT8GTc_BS	0.0
VTXNSc_BS	0.0
ISVTXNGTc_BS	0.0
IORNTNMTc_BS	0.0
ISCPRNGTc_BS	0.0
IORNTNGTc_BS	0.0
TRICINGTc_BS	0.0
LTLNHOc_BS	0.0
TRICINS1c_BS	0.0
TRICINS2c_BS	0.0
ISQTGNLc_BS	0.0
LQTGN6Hc_BS	0.0
NRGNMOc_BS	0.0
DHKFORc_BS	0.0
DHQORc_BS	0.0
DHKMOc_BS	0.0
KMPFLMOc_BS	0.0
QRCTNGLT3c_BS	0.0
KMPFLGLT3c_BS	0.0
DHKRc_BS	0.0
LCYCORc_BS	0.0
ERYORc_BS	0.0
LPLGRc_BS	0.0
LCYCRc_BS	0.0
LPLGDOc_BS	0.0
PNGLTc_BS	0.0
PLGNRc_BS	0.0
CNDNRc_BS	0.0
CNDNGLTc_BS	0.0
CNDNGLT5c_BS	0.0
CNDNG3Gc_BS	0.0
CNDNG5Gc_BS	0.0
LCYCDOc_BS	0.0
GLUTRRs_BS	0.0
HMBSs_BS	0.0
PPBNGSs_BS	0.0
UPP3Ss_BS	0.0
G1SATs_BS	0.0
GLUTRSs_BS	0.0
UPP3MTs_BS	0.0
PC2Ds_BS	0.0
SHCHFs_BS	0.0
MPMECY1s_BS	0.0
MPMECY2s_BS	0.0
MPMECY3s_BS	0.0
CHLOR410s_BS	0.0
CHLOR430s_BS	0.0
CHLOR450s_BS	0.0
CHLOR470s_BS	0.0
CHLOR490s_BS	0.0
CHLOR510s_BS	0.0
CHLOR530s_BS	0.0
CHLOR550s_BS	0.0
CHLOR570s_BS	0.0
CHLOR590s_BS	0.0
CHLOR610s_BS	0.0
CHLOR630s_BS	0.0
CHLOR650s_BS	0.0
CHLOR670s_BS	0.0
CHLOR690s_BS	0.0
DVCHLOR410s_BS	0.0
DVCHLOR430s_BS	0.0
DVCHLOR450s_BS	0.0
DVCHLOR470s_BS	0.0
DVCHLOR490s_BS	0.0
DVCHLOR510s_BS	0.0
DVCHLOR530s_BS	0.0
DVCHLOR550s_BS	0.0
DVCHLOR570s_BS	0.0
DVCHLOR590s_BS	0.0
DVCHLOR610s_BS	0.0
DVCHLOR630s_BS	0.0
DVCHLOR650s_BS	0.0
DVCHLOR670s_BS	0.0
DVCHLOR690s_BS	0.0
CPPPGOs_BS	0.0
PPPGOs_BS	0.0
MPMTs_BS	0.0
UPP1Rs_BS	0.0
UPP1Ss_BS	0.0
UPPDC1s_BS	0.0
UPPDC2s_BS	0.0
CPP1Os_BS	0.0
UPP3Os_BS	0.0
FCLTs_BS	0.0
MGCHLs_BS	0.0
DVCHLDRs_BS	0.0
DVPCHLDRs_BS	0.0
FCRs_BS	0.0
HEMEOSm_BS	0.0
HEMELs_BS	0.0
HEMELm_BS	0.0
HEMEASm_BS	0.0
HOXGs_BS	0.0
CHLBSEs_BS	0.0
CHLBSNs_BS	0.0
CHLDAOs_BS	0.0
CHLAOs_BS	0.0
CHLASEs_BS	0.0
CHLASNs_BS	0.0
FERO_BS	0.0
FRDPFTm_BS	0.0
CHORLm_BS	0.0
HBZOPT8m_BS	0.0
3OPHBH2m_BS	0.0
3OPHBH1m_BS	0.0
DHOPBMTm_BS	0.0
OPHMBDCm_BS	0.0
COQ6m_BS	0.0
COQ5m_BS	0.0
COQ7m_BS	0.0
COQ3m_BS	0.0
DHNCOASs_BS	0.0
DHNCOAHs_BS	0.0
ICHORMs_BS	0.0
2SBZCOALs_BS	0.0
SBZSs_BS	0.0
DHNPPTs_BS	0.0
DMPPTs_BS	0.0
DHNOPTs_BS	0.0
DMPQMTs_BS	0.0
SEPHCHCSs_BS	0.0
SEPHHCSs_BS	0.0
MPQMTs_BS	0.0
TMTDs_BS	0.0
TMTBs_BS	0.0
HPTs_BS	0.0
FRDPFTs_BS	0.0
OCTDPOTs_BS	0.0
HGENTISSTs_BS	0.0
MSBQMTs_BS	0.0
TYCGs_BS	0.0
TYCDs_BS	0.0
HMGCOARc_BS	-0.2297217037899748
HMGCOARyc_BS	0.2297217037899748
MEVKc_BS	0.0
PMEVKc_BS	0.0
DPMVDc_BS	0.0
IPDDIc_BS	0.0
IPDDIm_BS	0.0
IPDDIs_BS	0.0
DXPRIis_BS	0.0
IPDPS2s_BS	0.0
IPDPS1s_BS	0.0
DMPPS2s_BS	0.0
DMPPS1s_BS	0.0
MECDPDH5s_BS	0.0
CDPMEKs_BS	0.0
MEPCTs_BS	0.0
MECDPSs_BS	0.0
DMATTs_BS	0.0
DMATTm_BS	0.0
GRTTs_BS	0.0
GRTTm_BS	0.0
FRTTs_BS	0.0
DMATTc_BS	0.0
GRTTc_BS	0.0
GGDRc_BS	0.0
LIMSs_BS	0.0
PSPPSc_BS	0.0
SQLSc_BS	0.0
SQLMOc_BS	0.0
PRIMARTSc_BS	0.0
SCODPSs_BS	0.0
PRIMARDSs_BS	0.0
MOMASys_BS	0.0
MOMASs_BS	0.0
STEMSs_BS	0.0
STEMOc_BS	0.0
P450MO1c_BS	0.0
ESANDSs_BS	0.0
ESANDO1c_BS	0.0
P450MO4c_BS	0.0
P450MO5c_BS	0.0
P450MO6c_BS	0.0
OZLNDO1c_BS	0.0
OZLNDO2c_BS	0.0
OZLNAOc_BS	0.0
OZLNBOc_BS	0.0
PRIMADNSs_BS	0.0
EIKAURSs_BS	0.0
EIKAUROc_BS	0.0
ECASDSs_BS	0.0
ECASDO1c_BS	0.0
ECASDO2c_BS	0.0
ECASDO3c_BS	0.0
ECASDATEO1c_BS	0.0
ECASDATEO2c_BS	0.0
P450MO2c_BS	0.0
ECASDATEO3c_BS	0.0
ECASD2ATEO1c_BS	0.0
ECASD2ATEO2c_BS	0.0
P450MO3c_BS	0.0
EKAURSs_BS	0.0
ECPDs_BS	0.0
EKAURO1c_BS	0.0
EKAURO2c_BS	0.0
EKAURO3c_BS	0.0
EKAURATEO1c_BS	0.0
EKAURATEO2c_BS	0.0
EKAURATEO3c_BS	0.0
GADO12c_BS	0.0
GAAKGOR1c_BS	0.0
GAAKGOR2c_BS	0.0
GAAKGOR3c_BS	0.0
GADO1c_BS	0.0
GAAKORG12c_BS	0.0
GAAKORG10c_BS	0.0
GAAKORG11c_BS	0.0
GAAKGOR4c_BS	0.0
GADO2c_BS	0.0
GADO3c_BS	0.0
GADO4c_BS	0.0
GADO5c_BS	0.0
GAAKGOR5c_BS	0.0
GAAKGOR6c_BS	0.0
GADO6c_BS	0.0
GAAKORG7c_BS	0.0
GAAKORG15c_BS	0.0
GAAKORG8c_BS	0.0
GAAKORG9c_BS	0.0
GADO7c_BS	0.0
GA3DOc_BS	0.0
GA2DOc_BS	0.0
GA4DOc_BS	0.0
VLXANDEOs_BS	0.0
ANXANDEOs_BS	0.0
ZXANEOys_BS	0.0
ZXANEOs_BS	0.0
ANXANEOys_BS	0.0
ANXANEOs_BS	0.0
ACAROTORs_BS	0.0
CAROTEMOs_BS	0.0
CPTXANORs_BS	0.0
ZNXANMOs_BS	0.0
PHYTDSs_BS	0.0
PHYTFLDSs_BS	0.0
BCAROTHs_BS	0.0
BCPTXANHs_BS	0.0
CAROTDSs_BS	0.0
ZCARTDSs_BS	0.0
CBGL1s_BS	0.0
CBGL2s_BS	0.0
PHYTS1s_BS	0.0
PHYTS2s_BS	0.0
NXANSs_BS	0.0
LYCOPEC1s_BS	0.0
LYCOPBC1s_BS	0.0
LYCOPBC2s_BS	0.0
LYCOPBC3s_BS	0.0
NXANIs_BS	0.0
XANXNDHs_BS	0.0
EPCDOs_BS	0.0
ABSALDOs_BS	0.0
ABSH1s_BS	0.0
ABSH2s_BS	0.0
ECAROTHs_BS	0.0
EECAROTLHs_BS	0.0
LYCOPEC2s_BS	0.0
HSTDHc_BS	0.0
DXCSTNMOc_BS	0.0
DXSTNORc_BS	0.0
DXTSTc_BS	0.0
DXTSTOc_BS	0.0
DXSTNOc_BS	0.0
DHDXSTNOc_BS	0.0
TSTNORc_BS	0.0
BRS1c_BS	0.0
BRS2c_BS	0.0
BRS3c_BS	0.0
CAMPSTHc_BS	0.0
22HCAMHc_BS	0.0
CAMPST43EHc_BS	0.0
CAMPSTLHc_BS	0.0
22HCAM43Rc_BS	0.0
CAM43Rc_BS	0.0
DKSTIc_BS	0.0
BRS5c_BS	0.0
BRS4c_BS	0.0
STR14DMc_BS	0.0
CAMPSTc_BS	0.0
STISTSc_BS	0.0
DHAVESTRc_BS	0.0
DHEPISTRc_BS	0.0
MERGRc_BS	0.0
DHAVESTSc_BS	0.0
DHEPISTSc_BS	0.0
CYEUOLSc_BS	0.0
AVESTSc_BS	0.0
METMTc_BS	0.0
CYARTMTc_BS	0.0
CSTLIc_BS	0.0
CASc_BS	0.0
CYECYCIc_BS	0.0
DSTRc_BS	0.0
IPDPT1s_BS	0.0
IPDPT2s_BS	0.0
ADMATs_BS	0.0
CYTTHs_BS	0.0
TZTNS1s_BS	0.0
TZTNS2s_BS	0.0
IPAMRPs_BS	0.0
TZTNS3s_BS	0.0
TZTNS4s_BS	0.0
TZTNS5s_BS	0.0
TZTNS6s_BS	0.0
IPADEDHs_BS	0.0
IPADETHs_BS	0.0
CKTHs_BS	0.0
ZTNRs_BS	0.0
P450MOc_BS	0.0
CKDH3c_BS	0.0
CKDH2c_BS	0.0
CKDH1c_BS	0.0
TRNAIPTc_BS	0.0
cZTNS1c_BS	0.0
cZTNS2c_BS	0.0
CKPc_BS	0.0
cZTNS3c_BS	0.0
CKGT1c_BS	0.0
CKGT2c_BS	0.0
CKGT3c_BS	0.0
CKGT4c_BS	0.0
CKGT5c_BS	0.0
CKGT6c_BS	0.0
CKGT7c_BS	0.0
CKGT8c_BS	0.0
CKOGT1c_BS	0.0
CKOGT2c_BS	0.0
CKOGT3c_BS	0.0
C3STDH2c_BS	0.0
C3STDH1c_BS	0.0
C3STKR2c_BS	0.0
C3STKR1c_BS	0.0
LNS14DMc_BS	0.0
C4STMO1c_BS	0.0
C4STMO2c_BS	0.0
LTHSTRLOc_BS	0.0
7DHCSRc_BS	0.0
C14STRc_BS	0.0
CHLSTRc_BS	0.0
CHLSTIc_BS	0.0
D24STR1c_BS	0.0
CHLSDDIc_BS	0.0
LNSTLSc_BS	0.0
SAM24MTc_BS	0.0
C8STIc_BS	0.0
LATOXc_BS	0.0
C22SDc_BS	0.0
D24STRc_BS	0.0
THFGLUHv_BS	0.0
URDGLLc_BS	0.0
ALTNDAc_BS	0.0
URDGLAHc_BS	0.0
PYDXSc_BS	0.0
PYAMPPc_BS	0.0
PDXPPc_BS	0.0
PYDXPPc_BS	0.0
MCOATAs_BS	0.0
ACOATAs_BS	0.0
MACPCLs_BS	0.0
ACMAT1s_BS	0.0
3OAR40s_BS	0.0
3HAD40s_BS	0.0
EAR40ys_BS	0.0
3OAS60s_BS	0.0
3OAR60s_BS	0.0
3HAD60s_BS	0.0
EAR60ys_BS	0.0
3OAS80s_BS	0.0
3OAR80s_BS	0.0
3HAD80s_BS	0.0
EAR80ys_BS	0.0
3OAS100s_BS	0.0
3OAR100s_BS	0.0
3HAD100s_BS	0.0
EAR100ys_BS	0.0
3OAS120s_BS	0.0
3OAR120s_BS	0.0
3HAD120s_BS	0.0
EAR120ys_BS	0.0
3OAS140s_BS	0.0
3OAR140s_BS	0.0
3HAD140s_BS	0.0
EAR140ys_BS	0.0
3OAS160s_BS	0.0
3OAR160s_BS	0.0
3HAD160s_BS	0.0
EAR160ys_BS	0.0
3OAS180s_BS	0.0
3OAR180s_BS	0.0
3HAD180s_BS	0.0
EAR180ys_BS	0.0
FAS161ACP_Ls_BS	0.0
FAS181ACP_Ls_BS	0.0
FAS182ACP_Ls_BS	0.0
FAS183ACP_Ls_BS	0.0
FA140ACPHs_BS	0.0
FA160ACPHs_BS	0.0
FA161ACPHs_BS	0.0
FA180ACPHs_BS	0.0
FA181ACPHs_BS	0.0
FA182ACPHs_BS	0.0
FA183ACPHs_BS	0.0
FACOAL140r_BS	0.0
FACOAL160r_BS	0.0
FACOAL161r_BS	0.0
FACOAL180r_BS	0.0
FACOAL181r_BS	0.0
FACOAL182r_BS	0.0
FACOAL183r_BS	0.0
FA200COAHr_BS	0.0
FA220COAHr_BS	0.0
FA240COAHr_BS	0.0
FA260COAHr_BS	0.0
FA280COAHr_BS	0.0
FA300COAHr_BS	0.0
FACOAL200r_BS	0.0
FACOAL220r_BS	0.0
FACOAL240r_BS	0.0
FACOAL260r_BS	0.0
FACOAL280r_BS	0.0
FACOAL300r_BS	0.0
ALFACOAR200r_BS	0.0
ALFACOAR220r_BS	0.0
ALFACOAR240r_BS	0.0
ALFACOAR260r_BS	0.0
ALFACOAR280r_BS	0.0
ALFACOAR300r_BS	0.0
ALFAACT200r_BS	0.0
ALFAACT220r_BS	0.0
PALMH1r_BS	0.0
FAOH1r_BS	0.0
HPALMDHr_BS	0.0
OOFADH1r_BS	0.0
OLEHr_BS	0.0
HOLEDHr_BS	0.0
OOFADH2r_BS	0.0
FAOH2r_BS	0.0
THYDRO91018Sc_BS	0.0
OFAFTc_BS	0.0
FAOH3r_BS	0.0
FAOH4r_BS	0.0
FAOH5r_BS	0.0
FAOH6r_BS	0.0
FAOH7r_BS	0.0
FAOH8r_BS	0.0
HARACDHr_BS	0.0
HBEHDHr_BS	0.0
HLGNCDHr_BS	0.0
HCERODHr_BS	0.0
HMNTDHr_BS	0.0
HMLSDHr_BS	0.0
OOFADH3r_BS	0.0
OOFADH4r_BS	0.0
OOFADH5r_BS	0.0
OOFADH6r_BS	0.0
OOFADH7r_BS	0.0
OOFADH8r_BS	0.0
FACOAL140c_BS	0.0
FACOAL160c_BS	0.0
FACOAL161c_BS	0.0
FACOAL180c_BS	0.0
FACOAL181c_BS	0.0
FACOAL182c_BS	0.0
FACOAL183c_BS	0.0
FAS161COA_Lc_BS	0.0
FAS181COA_Lc_BS	0.0
FAS182COA_Lc_BS	0.0
FAS183COA_Lc_BS	0.0
3OCS200r_BS	0.0
3OCR200r_BS	0.0
3HCD200r_BS	0.0
ECR200yr_BS	0.0
3OCS220r_BS	0.0
3OCR220r_BS	0.0
3HCD220r_BS	0.0
ECR220yr_BS	0.0
3OCS240r_BS	0.0
3OCR240r_BS	0.0
3HCD240r_BS	0.0
ECR240yr_BS	0.0
3OCS260r_BS	0.0
3OCR260r_BS	0.0
3HCD260r_BS	0.0
ECR260yr_BS	0.0
3OCS280r_BS	0.0
3OCR280r_BS	0.0
3HCD280cr_BS	0.0
ECR280yr_BS	0.0
3OCS300r_BS	0.0
3OCR300r_BS	0.0
3HCD300r_BS	0.0
ECR300yr_BS	0.0
FA140ACOASc_BS	0.0
FA160ACOASc_BS	0.0
FA161ACOASc_BS	0.0
FA180ACOASc_BS	0.0
FA181ACOASc_BS	0.0
FA182ACOASc_BS	0.0
FA183ACOASc_BS	0.0
FACOAL140x_BS	0.0
FACOAL160x_BS	0.0
FACOAL161x_BS	0.0
FACOAL180x_BS	0.0
FACOAL181x_BS	0.0
FACOAL182x_BS	0.0
FACOAL183x_BS	0.0
ACOA80ORx_BS	0.0
ECOAH3x_BS	0.0
HACD3x_BS	0.0
ACACT3x_BS	0.0
ACOA60ORx_BS	0.0
ECOAH2x_BS	0.0
HACD2x_BS	0.0
ACACT2x_BS	0.0
ACOA40ORx_BS	0.0
ECOAH1x_BS	0.0
HACD1x_BS	0.0
ACOA100ORx_BS	0.0
ECOAH4x_BS	0.0
HACD4x_BS	0.0
ACACT4x_BS	0.0
ACOA120ORx_BS	0.0
ECOAH5x_BS	0.0
HACD5x_BS	0.0
ACACT5x_BS	0.0
ACOA140ORx_BS	0.0
ECOAH6x_BS	0.0
HACD6x_BS	0.0
ACACT6x_BS	0.0
ACOA160ORx_BS	0.0
ECOAH7x_BS	0.0
HACD7x_BS	0.0
ACACT7x_BS	0.0
ACOA180ORx_BS	0.0
ECOAH8x_BS	0.0
HCAD8x_BS	0.0
ACAT8x_BS	0.0
FAOS183yx_BS	0.0
FAOS182yx_BS	0.0
FAOS181yx_BS	0.0
FAOS161yx_BS	0.0
FAOS183x_BS	0.0
FAOS182x_BS	0.0
FAOS181x_BS	0.0
FAOS161x_BS	0.0
3OCS60m_BS	0.0
3OCR60m_BS	0.0
3HCD60m_BS	0.0
ECR60ym_BS	0.0
3OCS80m_BS	0.0
3OCR80m_BS	0.0
3HCD80m_BS	0.0
ECR80ym_BS	0.0
3OCS100m_BS	0.0
3OCR100m_BS	0.0
3HCD100m_BS	0.0
ECR100ym_BS	0.0
3OCS120m_BS	0.0
3OCR120m_BS	0.0
3HCD120m_BS	0.0
ECR120ym_BS	0.0
3OCS140m_BS	0.0
3OCR140m_BS	0.0
3HCD140m_BS	0.0
ECR140ym_BS	0.0
3OCS160m_BS	0.0
3OCR160m_BS	0.0
3HCD160m_BS	0.0
ECR160ym_BS	0.0
MTE160m_BS	0.0
MCOATAc_BS	0.0
MCOATAm_BS	0.0
ACOATAm_BS	0.0
MACPCLm_BS	0.0
3OAR40m_BS	0.0
3HAD40m_BS	0.0
EAR40ym_BS	0.0
3OAS60m_BS	0.0
3OAR60m_BS	0.0
3HAD60m_BS	0.0
EAR60ym_BS	0.0
3OAS80m_BS	0.0
3OAR80m_BS	0.0
3HAD80m_BS	0.0
EAR80ym_BS	0.0
3OAS100m_BS	0.0
3OAR100m_BS	0.0
3HAD100m_BS	0.0
EAR100ym_BS	0.0
3OAS120m_BS	0.0
3OAR120m_BS	0.0
3HAD120m_BS	0.0
EAR120ym_BS	0.0
3OAS140m_BS	0.0
3OAR140m_BS	0.0
3HAD140m_BS	0.0
EAR140ym_BS	0.0
3OAS160m_BS	0.0
3OAR160m_BS	0.0
3HAD160m_BS	0.0
EAR160ym_BS	0.0
3OAS180m_BS	0.0
3OAR180m_BS	0.0
3HAD180m_BS	0.0
EAR180ym_BS	0.0
FAS161ACP_Lm_BS	0.0
FAS181ACP_Lm_BS	0.0
FAS182ACP_Lm_BS	0.0
FAS183ACP_Lm_BS	0.0
G3PDc_BS	0.0
GLYCKr_BS	0.0
GLYCKs_BS	0.0
GLYCKm_BS	0.0
G3PDNc_BS	0.0
G3PATr_BS	0.0
G3PATs_BS	0.0
G3PATm_BS	0.0
AGPATr_BS	0.0
AGPATs_BS	0.0
AGPATm_BS	0.0
PAPAr_BS	0.0
PAPAs_BS	0.0
PAPAm_BS	0.0
DAGKm_BS	0.0
DAGACTr_BS	0.0
TAGLc_BS	0.0
DAGLc_BS	0.0
MAGLc_BS	0.0
CDPDAGSr_BS	0.0
CDPDAGSm_BS	0.0
CDIPTr_BS	0.0
PGPSr_BS	0.0
PGPSm_BS	0.0
PGPPm_BS	0.0
CLPNSm_BS	0.0
PSSr_BS	0.0
PSSm_BS	0.0
PEDCr_BS	0.0
PEDCm_BS	0.0
ETHAPTr_BS	0.0
PETHACTr_BS	0.0
ETHAKr_BS	0.0
ETHAKs_BS	0.0
SERDCr_BS	0.0
SERDCs_BS	0.0
PETHAMTr_BS	0.0
PETHAMTs_BS	0.0
CHOLKr_BS	0.0
CHOLKs_BS	0.0
PCHOLPPr_BS	0.0
PCHOLPPs_BS	0.0
CHOLPCTr_BS	0.0
CHOLPCTs_BS	0.0
DAGCPr_BS	0.0
DAGCPs_BS	0.0
PLCr_BS	0.0
PLAr_BS	0.0
LPPr_BS	0.0
GPEPEr_BS	0.0
MGDGSs_BS	0.0
DGDGSs_BS	0.0
SQTs_BS	0.0
UDPSQSs_BS	0.0
LNL9LOs_BS	0.0
OCDCYA9LOs_BS	0.0
LNL13LOs_BS	0.0
OCDCYA13LOs_BS	0.0
LNL9HPLs_BS	0.0
OCDCYA9HPLs_BS	0.0
LNL13HPLs_BS	0.0
OCDCYA13HPLs_BS	0.0
HPDHs_BS	0.0
ALOCs_BS	0.0
OPRx_BS	0.0
3OOPCOALx_BS	0.0
OPC8ACOx_BS	0.0
OPC8T2ECHx_BS	0.0
OPC8HACDHx_BS	0.0
OOPC8CTx_BS	0.0
OPC6ACOx_BS	0.0
OPC6T2ECHx_BS	0.0
OPC6HACDHx_BS	0.0
OOPC6CTx_BS	0.0
OPC4ACOx_BS	0.0
OPC4T2ECHx_BS	0.0
OPC4HACDHx_BS	0.0
OOPC4CTx_BS	0.0
JASCHc_BS	0.0
JASIc_BS	0.0
AMETJASMTc_BS	0.0
JASVSc_BS	0.0
JASILSc_BS	0.0
JASLSc_BS	0.0
SERPTr_BS	0.0
3DSPHRr_BS	0.0
SLCBK1r_BS	0.0
SGPL11r_BS	0.0
SGPL12r_BS	0.0
SLCBK2r_BS	0.0
ASPHGNAr_BS	0.0
PCAHr_BS	0.0
ASPHGNAHr_BS	0.0
SPHOORr_BS	0.0
PCSr_BS	0.0
DHCDSr_BS	0.0
ASPHGNAT1r_BS	0.0
ASPHGNAT2r_BS	0.0
ASPHGNAT3r_BS	0.0
UGCGr_BS	0.0
UGALCGc_BS	0.0
GLB1c_BS	0.0
OACPSSTm_BS	0.0
LACPLTm_BS	0.0
MCOAMTc_BS	0.0
MACPMMEc_BS	0.0
3HGNORc_BS	0.0
3HGMELc_BS	0.0
GLUACPMEORc_BS	0.0
GLUMEORc_BS	0.0
HPIMMEORc_BS	0.0
HPIMMELc_BS	0.0
PIMACPMEc_BS	0.0
PACPMEEc_BS	0.0
AONSc_BS	0.0
AMETAOTc_BS	0.0
DTBTSc_BS	0.0
BTNSc_BS	0.0
PFRTc_BS	0.0
CAAPc_BS	0.0
PIOCMTc_BS	0.0
FRCYOc_BS	0.0
FRNCTIc_BS	0.7148390327372297
FRORc_BS	0.7148390327372297
FRPTc_BS	0.0
FRPPTc_BS	0.0
DEDOLDPSc_BS	0.0
DEDOLDPSATc_BS	0.0
DOLDPPc_BS	0.0
DOLKc_BS	0.0
GLCNACPTc_BS	0.0
GLCNACTc_BS	0.0
BDMTc_BS	0.0
DOLPMTc_BS	0.0
G13MTc_BS	0.0
G16MT1c_BS	0.0
G12MT1c_BS	0.0
G12MT2c_BS	0.0
DOLPMT1c_BS	0.0
G12MT3c_BS	0.0
G16MT2c_BS	0.0
G12MT4c_BS	0.0
UDPDOLPTc_BS	0.0
DOLPGT1c_BS	0.0
DOLPGT2c_BS	0.0
DOLPGT3c_BS	0.0
DOLASNTc_BS	0.0
MG1Ac_BS	0.0
MG1Bc_BS	0.0
MG2Ac_BS	0.0
MG2Bc_BS	0.0
MG3Ac_BS	0.0
MG3Bc_BS	0.0
MM1c_BS	0.0
MGAGT1c_BS	0.0
MM2c_BS	0.0
MGAGT2c_BS	0.0
MGAGT3c_BS	0.0
GPXTc_BS	0.0
GPFTc_BS	0.0
PIACGTc_BS	0.0
ACGPIDc_BS	0.0
GPIATc_BS	0.0
GPIMTc_BS	0.0
H6ET3c_BS	0.0
H2MTc_BS	0.0
H3MTc_BS	0.0
H4ETc_BS	0.0
H6MTc_BS	0.0
A4GALTc_BS	0.0
B3GALT3c_BS	0.0
AGALSc_BS	0.0
HXAMS1c_BS	0.0
SIAT9c_BS	0.0
GALGT2c_BS	0.0
B3GALT42c_BS	0.0
HXAMS2c_BS	0.0
BGALSc_BS	0.0
UDPACGALEc_BS	0.0
ALATc_BS	0.0
ALATs_BS	0.0
ALATm_BS	0.0
ARGTc_BS	0.0
ARGTs_BS	0.0
CYSTLc_BS	0.0
CYSTLs_BS	0.0
CYSTLm_BS	0.0
GLNTLc_BS	0.0
GLUTLc_BS	0.0
LEUTLc_BS	0.0
GLYTLc_BS	0.0
GLYTLm_BS	0.0
GLYTLs_BS	0.0
SERTLc_BS	0.0
SERTLs_BS	0.0
SERTLm_BS	0.0
THRTLc_BS	0.0
THRTLm_BS	0.0
LYSTLm_BS	0.0
LYSTLs_BS	0.0
LYSTLc_BS	0.0
METTLc_BS	0.0
METTLm_BS	0.0
METTLs_BS	0.0
PHETLc_BS	0.0
PHETLs_BS	0.0
PHETLm_BS	0.0
ASNTLc_BS	0.0
ASNTLs_BS	0.0
ASNTLm_BS	0.0
ILETLc_BS	0.0
ILETLs_BS	0.0
ILETLm_BS	0.0
VALTLs_BS	0.0
VALTLm_BS	0.0
ASPTLc_BS	0.0
ASPTLs_BS	0.0
ASPTLm_BS	0.0
TYRTLc_BS	0.0
TYRTLs_BS	0.0
TYRTLm_BS	0.0
TRPTLc_BS	0.0
TRPTLs_BS	0.0
TRPTLm_BS	0.0
PROTLc_BS	0.0
PROTLs_BS	0.0
PROTLm_BS	0.0
HISTLc_BS	0.0
HISTLs_BS	0.0
HISTLm_BS	0.0
METTc_BS	0.0
BETAHHs_BS	0.0
CHOLMOs_BS	0.0
GLYB1s_BS	0.0
ICHORSs_BS	0.0
23DDHBDHs_BS	0.0
ENTBSs_BS	0.0
GDPMDHc_BS	0.0
TDPGDHc_BS	0.0
TDPDREc_BS	0.0
DTDPDHRRc_BS	0.0
ARAB5PIc_BS	0.0
KDOPSc_BS	0.0
KDOPPc_BS	0.0
KDOCTc_BS	0.0
UAGAATm_BS	0.0
UHGADAm_BS	0.0
U23GAATm_BS	0.0
USHDm_BS	0.0
LPADSSm_BS	0.0
TDSKm_BS	0.0
MOATm_BS	0.0
MOAT2m_BS	0.0
UACGAMCVTc_BS	0.0
UACMDHc_BS	0.0
UAMASc_BS	0.0
GLURc_BS	0.0
UAMAGSc_BS	0.0
UAAGDSc_BS	0.0
ALARc_BS	0.0
ALAALAc_BS	0.0
UGMDDSc_BS	0.0
PAPPT3c_BS	0.0
UAGPT3c_BS	0.0
STCSDSc_BS	0.0
TRPNRc_BS	0.0
CNLNSs_BS	0.0
ASPCT2s_BS	0.0
CAVNS2s_BS	0.0
ARGSL2s_BS	0.0
ARGCAVs_BS	0.0
CC3H1c_BS	0.0
CAFFMTc_BS	0.0
FERHc_BS	0.0
HFERMTc_BS	0.0
DHQRc_BS	0.0
LCAKGORc_BS	0.0
UDPGATc_BS	0.0
UDPGAGGc_BS	0.0
GENT1c_BS	0.0
GENT2c_BS	0.0
GENT3c_BS	0.0
GENT4c_BS	0.0
GENT5c_BS	0.0
GENT6c_BS	0.0
GENT7c_BS	0.0
GENT8c_BS	0.0
GENT9c_BS	0.0
PLIVLPNSm_BS	0.0
PRET1c_BS	0.0
PRET2c_BS	0.0
HUMSc_BS	0.0
PLIBTNSm_BS	0.0
PRET3c_BS	0.0
PRET4c_BS	0.0
CHUMSc_BS	0.0
LGTHLc_BS	0.0
GLYOXc_BS	0.0
LACRc_BS	0.0
HMGS_Ss_BS	0.0
HMGDys_BS	0.0
SFGTHs_BS	0.0
NADOR2u_BS	0.0
SODs_BS	0.0
MRs_BS	0.0
CBFCNCEFs_BS	7.338517219342137
CCEFs_BS	5.841947623109897
FNORs_BS	1.4965695962322396
PSIMR_BS	7.338517219342137
PSIINC_BS	1.4965695962322396
ACHMSSCc_BS	0.0
ACHMSSCs_BS	0.0
ACSERLc_BS	0.0
ACSERLs_BS	0.0
PHOMSCc_BS	0.0
PHOMSCs_BS	0.0
SEAHCYSHYDc_BS	0.0
SELCYSLY2_BS	0.0
SELCYSTLc_BS	0.0
SELCYSTLs_BS	0.0
SELTORc_BS	0.0
SUCHMSSELCYSL_BS	0.0
SECYSTLc_BS	0.0
METTSc_BS	0.0
METSMTFc_BS	0.0
SELMETLs_BS	0.0
SELNPS_BS	0.0
MCFTc_BS	0.0
CYARTFTc_BS	0.0
CAMPSTFTc_BS	0.0
SITSTFTc_BS	0.0
LEVSc_BS	0.0
SSFTc_BS	0.0
FFFTc_BS	0.0
SFFTc_BS	0.0
FRCEXHc_BS	0.0
DGSNTTPc_BS	0.0
ACPCDAc_BS	0.0
AHCYSNc_BS	0.0
ADECYCc_BS	0.0
TYRMOc_BS	0.0
4HTHBPTHLc_BS	0.0
THBPTDHc_BS	0.0
PHENMUTc_BS	0.0
DRPAc_BS	0.0
UDPGALMc_BS	0.0
THD2c_BS	0.0
MALTDPs_BS	0.0
MALTGAMs_BS	0.0
NRGNMTc_BS	0.0
UDPGLTLNGc_BS	0.0
UDPRMNLc_BS	0.0
UDPGAPGNGc_BS	0.0
UDPRMNAc_BS	0.0
CRPESc_BS	0.0
HUMLSc_BS	0.0
ELMSc_BS	0.0
GAAKORG4498c_BS	0.0
NADtm_BS	0.0
UACGAMtm_BS	0.0
CKDOtm_BS	0.0
THFtm_BS	0.0
FORtm_BS	0.0
ADENm_BS	0.0
PYRt2m_BS	-0.42111568173775626
ASPt2m_BS	0.0
CYSt2m_BS	0.0
THRt2m_BS	0.0
LYSt2m_BS	0.0
METt2m_BS	0.0
PHEt2m_BS	0.0
ILEt2m_BS	0.0
VALt2m_BS	0.0
TYRt2m_BS	0.0
PROt2m_BS	0.0
HISt2m_BS	0.0
LEUt2m_BS	0.0
TRPt2m_BS	0.0
ASPGLU2m_BS	0.0
ALAt2m_BS	-0.42111568173775626
H2Otm_BS	-0.8380221841307474
CO2tm_BS	-0.37275517843459105
NH4tm_BS	-0.21055784086887813
O2tmr_BS	0.11913558519973119
FADH2tm_BS	0.0
FADtm_BS	0.0
PItm_BS	0.5032350104250991
H2O2tm_BS	0.16219733756586605
ATPtm_BS	0.5032350104250115
4ABUTtmi_BS	0.0
SUCFUMtmr_BS	0.017320830956668164
GLYtm_BS	0.0
SERtm_BS	0.21055784086887813
DICtm_BS	0.017320830956668164
MALCITtm_BS	0.0
MALAKGtm_BS	0.0
SO4AKGtm_BS	0.0
AKGCITtm_BS	0.0
AKGICITtm_BS	-0.16219733756577834
MALICITtm_BS	0.0
MALOAAtm_BS	-0.027713329530650005
OAAAKGtm_BS	0.0
OAACITtm_BS	0.0
OAAICITtm_BS	0.0
ASNtm_BS	0.0
ACACt2m_BS	0.0
ORNtm_BS	0.0
CITRtm_BS	0.0
ACtm_BS	0.0
COAtm_BS	0.0
ACCOAtm_BS	0.0
AMETt2m_BS	0.0
IPDPtm_BS	0.0
HCO3(h)tmi_BS	0.0
GCOAtm_BS	0.0
GLXtm_BS	0.42111568173775626
3HPCOAtm_BS	0.0
CTPtm_BS	0.0
2AHHMPtm_BS	0.0
4ABZtm_BS	0.0
THMPPt2m_BS	0.0
FMNtm_BS	0.0
PANTtm_BS	0.0
2OXOADPTm_BS	0.0
TSULtm_BS	0.0
5FTHFtm_BS	0.0
MLTHFtm_BS	0.0
ACSERtmi_BS	0.0
NA1ATPasem_BS	0.0
NA1Htm_BS	0.0
PInatm_BS	0.0
PHEMEtm_BS	0.0
FA40COAtm_BS	0.0
MSAtm_BS	0.0
MHDASCBtm_BS	0.0
PINA1tm_BS	0.0
CHORtm_BS	0.0
SO3tm_BS	0.0
GLYCtm_BS	0.0
CDPDAGtm_BS	0.0
PTD1INOtm_BS	0.0
PEtm_BS	0.0
PStm_BS	0.0
PGPtm_BS	0.0
PCtm_BS	0.0
ACALDtm_BS	0.0
H2Stm_BS	0.0
PLIVLPNm_BS	0.0
PLIBTNm_BS	0.0
ACts_BS	0.0
NADts_BS	0.0
5FTHFts_BS	0.0
5MTHFts_BS	0.0
MHDASCBts_BS	0.0
DHORSts_BS	0.0
OROTts_BS	0.0
ACCOAts_BS	0.0
SUCCOAtz_BS	0.0
TSULts_BS	0.0
ASPts_BS	0.04616028262387055
CYSts_BS	0.0
GLYts_BS	0.0
HISts_BS	-0.003464166191343161
ILEts_BS	0.0
LEUts_BS	0.0
LYSts_BS	0.018446953093220544
METts_BS	-0.00346416619131934
PHEts_BS	0.0
PROts_BS	0.0
SERts_BS	0.04270326641448759
THRts_BS	0.0
TRPts_BS	0.0
TYRts_BS	0.0
VALts_BS	-0.0154439607292079
ARGt2s_BS	0.0
THFts_BS	0.0
FORts_BS	0.0
G1P(pi)ts_BS	2.9600924730981806
G3P(pi)tsr_BS	0.0
G6PA(pi)ts_BS	0.0
G6PB(pi)ts_BS	0.0
DHAP(pi)tsr_BS	0.35765992416134246
3PG(pi)tsr_BS	-0.45944340757981095
PEPPIts_BS	0.0
ATP2ts_BS	0.0
FMNts_BS	0.0
4ABZts_BS	0.0
NICRNTts_BS	0.0
THMt2s_BS	0.0
THMPPt2s_BS	0.0
H2Ots_BS	-1.4195213093827972
CO2ts_BS	0.37275517843459105
H2Sts_BS	0.0
TCP32_BS	0.0
NH4ts_BS	0.7236262362415031
O2tsr_BS	-0.5269498367742291
Pits_BS	2.4124445436267443
SO4ts_BS	0.0
NO2ts_BS	0.0
HCYSts_BS	0.00346416619131934
ATPts_BS	2.4124445436267443
GLYCRts_BS	0.07011814627947881
MALFUMts_BS	-0.0034641661913431612
MALOAAts_BS	0.0
MALAKGts_BS	0.7081894254949396
MALGLUts_BS	0.6943327607296146
SUCFUMtsr_BS	0.0
UDPGALts_BS	0.0
UDPGts_BS	0.0
RIBFLVts_BS	0.0
IPDPts_BS	0.0
EKAURts_BS	0.0
UTPUMPts_BS	0.0
PPHNts_BS	0.0
CHOLts_BS	0.0
PCts_BS	0.0
4ABUTts_BS	0.0
GLU4ABUTtsi_BS	0.0
GLYC3Pts_BS	0.0
GLYCts_BS	0.0
CTPts_BS	0.0
UTPts_BS	0.0
FE2ts_BS	0.0
FE3abcs_BS	0.0
HCO3(h)tsi_BS	0.0
HGENTISts_BS	0.0
PHEMEts_BS	0.0
PINA1ts_BS	0.0
MG2ts_BS	0.0
METHFts_BS	0.0
NA1ATPases_BS	0.0
PYRts_BS	0.00663160813714876
NA1Hts_BS	0.0
SO3t_BS	0.0
FA140s_BS	0.0
FA160s_BS	0.0
FA161s_BS	0.0
FA180s_BS	0.0
FA181s_BS	0.0
FA182s_BS	0.0
FA183s_BS	0.0
ARGSUCts_BS	0.013856664765325002
ACGLUts_BS	0.013856664765325002
GLYBETts_BS	0.0
AMETt2s_BS	0.0
AC5GSAtr_BS	0.013856664765325002
ACORNts_BS	0.0
CHORts_BS	0.0
26dap-Mts_BS	0.0
STEMts_BS	0.0
EIKAURts_BS	0.0
ECASDts_BS	0.0
ESANDts_BS	0.0
DHZts_BS	0.0
IPADNEts_BS	0.0
TZTNRts_BS	0.0
TZTNts_BS	0.0
IPADNts_BS	0.0
COA(h)ts_BS	0.0
OPDAts_BS	0.0
PYRtv_BS	0.0
SUCRtv_BS	0.0
FRUCtv_BS	0.0
GLCAtv_BS	0.0
GLCBtv_BS	0.0
GLYtv_BS	0.0
CYStv_BS	0.0
H2Otv_BS	0.0
GTHRDabcv_BS	0.0
THFtv_BS	0.0
HPGLUtv_BS	0.0
NO2tvr_BS	0.0
NO3tvr_BS	0.0
O2tv_BS	0.0
H2O2tv_BS	0.0
PYRt2v_BS	0.0
FA140COAabcx_BS	0.0
FA160COAabcx_BS	0.0
FA161COAabcx_BS	0.0
FA180COAabcx_BS	0.0
FA181COAabcx_BS	0.0
FA182COAabcx_BS	0.0
FA183COAabcx_BS	0.0
ATP2tx_BS	0.0
ATPtx_BS	0.0
GLYtx_BS	-0.07011814627947881
SERtx_BS	0.07011814627947881
GLYCLTtx_BS	0.4912338280172351
MALOAAtx_BS	0.0
H2Otx_BS	-0.4912338280172351
CITx_BS	0.0
CO2tx_BS	0.0
O2tx_BS	0.24561691400861754
PItx_BS	0.0
CITtcx_BS	0.0
ACtx_BS	0.0
ALAtx_BS	0.0
PYRt2x_BS	0.0
SUCCtx_BS	0.0
NH4tx_BS	0.0
THRtx_BS	0.0
ACCOAtx_BS	0.0
COA(h)tx_BS	0.0
GLXtx_BS	-0.42111568173775626
GLUtx_BS	0.0
AKGtx_BS	0.0
GCOAtx_BS	0.0
GLYCRtx_BS	0.07011814627947881
FADH2tx_BS	0.0
FADtx_BS	0.0
NADPH2tx_BS	0.07011814627947881
NADPtx_BS	-0.07011814627947881
MTHGXLtx_BS	0.0
B2COAtx_BS	0.0
FA40COAtx_BS	0.0
JAStx_BS	0.0
OPDAtx_BS	0.0
SO4tx_BS	0.0
FA140CoAr_BS	0.0
FA160CoAr_BS	0.0
FA161CoAr_BS	0.0
FA180CoAr_BS	0.0
FA181CoAr_BS	0.0
FA182CoAr_BS	0.0
FA183CoAr_BS	0.0
FA140r_BS	0.0
FA160r_BS	0.0
FA161r_BS	0.0
FA180r_BS	0.0
FA181r_BS	0.0
FA182r_BS	0.0
FA183r_BS	0.0
NADPH2tr_BS	0.0
NADPtr_BS	0.0
UDPGr_BS	0.0
GLUSIDEr_BS	0.0
HYDRO16tr_BS	0.0
HYDRO18tr_BS	0.0
DHYDRO1016tr_BS	0.0
DHYDRO1018tr_BS	0.0
THYDRO91018tr_BS	0.0
AMETt2r_BS	0.0
ATPtr_BS	0.0
ATP2tr_BS	0.0
H2Otr_BS	0.0
CO2tr_BS	0.0
O2tr_BS	0.0
MALCOAtr_BS	0.0
Pitr_BS	0.0
SERtr_BS	0.0
COA(h)tr_BS	0.0
GLYC3Ptr_BS	0.0
TRIGLYCtr_BS	0.0
CTPtr_BS	0.0
CMPtr_BS	0.0
CDPDAGtr_BS	0.0
PTD1INOtr_BS	0.0
PEtr_BS	0.0
PStr_BS	0.0
PGPtr_BS	0.0
PCtr_BS	0.0
CHOLtr_BS	0.0
INOSTtr_BS	0.0
FADH2tr_BS	0.0
FADtr_BS	0.0
O2tu_BS	0.7482847981161198
H2Otu_BS	-1.4965695962322396
DM_12O9DD(s)_BS	0.0
DM_3-NON(s)_BS	0.0
DM_3-NOND(s)_BS	0.0
DM_9-NONAN(s)_BS	0.0
DM_ACRTNL(s)_BS	0.0
DM_ACT(s)_BS	0.0
DM_ADE(s)_BS	0.0
DM_AFZL(c)_BS	0.0
DM_AMOB(c)_BS	0.0
DM_AMYGD(c)_BS	0.0
DM_APGNNP(c)_BS	0.0
DM_AVITE1(s)_BS	0.0
DM_BGPTN(c)_BS	0.0
DM_BILIVERD(s)_BS	0.0
DM_BRSNL(c)_BS	0.0
DM_BTN(c)_BS	0.0
DM_BUTIN(c)_BS	0.0
DM_CADAVERINE(s)_BS	0.0
DM_CAMP(c)_BS	0.0
DM_CAMPSTFER(c)_BS	0.0
DM_CATCN(c)_BS	0.0
DM_CERDT(r)_BS	0.0
DM_CEROOL(r)_BS	0.0
DM_CHSTEROL(c)_BS	0.0
DM_CHUMU(c)_BS	0.0
DM_CNDM35DG(c)_BS	0.0
DM_COA(c)_BS	0.0
DM_COUMN(c)_BS	0.0
DM_COUMOH(c)_BS	0.0
DM_CPP1(s)_BS	0.0
DM_CRPE(c)_BS	0.0
DM_CYARTFER(c)_BS	0.0
DM_CYTC(m)_BS	0.0
DM_CYTC(s)_BS	0.0
DM_C-ZTN7G(c)_BS	0.0
DM_C-ZTN9G(c)_BS	0.0
DM_ZTNG(c)_BS	0.0
DM_DHBZCAROT(s)_BS	0.0
DM_DHZ7G(c)_BS	0.0
DM_DHZ9G(c)_BS	0.0
DM_DHZG(c)_BS	0.0
DM_DVCHLDA(s)_BS	0.0
DM_EIHKAUR(c)_BS	0.0
DM_ELM(c)_BS	0.0
DM_ENTB(s)_BS	0.0
DM_EPCTCN(c)_BS	0.0
DM_EPLZN(c)_BS	0.0
DM_ERGTOL(c)_BS	0.0
DM_ETHYLENE(c)_BS	0.0
DM_GA13(c)_BS	0.0
DM_GA17(c)_BS	0.0
DM_GA29CAT(c)_BS	0.0
DM_GA34(c)_BS	0.0
DM_GA51CAT(c)_BS	0.0
DM_GA8CAT(c)_BS	0.0
DM_GA98(c)_BS	0.0
DM_GENTDP(c)_BS	0.0
DM_HUML(c)_BS	0.0
DM_HUMU(c)_BS	0.0
DM_IORNTN2GCOUM(c)_BS	0.0
DM_IPADNE7G(c)_BS	0.0
DM_IPADNE9G(c)_BS	0.0
DM_ISCPRN2GCOUM(c)_BS	0.0
DM_ISCPRN2GFER(c)_BS	0.0
DM_IVTXN2GFER(c)_BS	0.0
DM_JASILE(c)_BS	0.0
DM_JASLEU(c)_BS	0.0
DM_JASVAL(c)_BS	0.0
DM_JASKMPFL3G(c)_BS	0.0
DM_LACXAN(s)_BS	0.0
DM_LGNCOL(r)_BS	0.0
DM_LGNDT(r)_BS	0.0
DM_LIM(s)_BS	0.0
DM_LTNNP(c)_BS	0.0
DM_LUTEIN(c)_BS	0.0
DM_MNQNNE(s)_BS	0.0
DM_MOMA(s)_BS	0.0
DM_ORNTN(c)_BS	0.0
DM_OZLN-C(c)_BS	0.0
DM_OZLN-E(c)_BS	0.0
DM_OZLN-F(c)_BS	0.0
DM_OZLN-S(c)_BS	0.0
DM_PHAS(s)_BS	0.0
DM_PHOM(c)_BS	0.0
DM_photonDrain(u)_BS	23.061153814699566
DM_PHTC-A(c)_BS	0.0
DM_PHTC-B(c)_BS	0.0
DM_PHTC-D(c)_BS	0.0
DM_PHTC-E(c)_BS	0.0
DM_PINBAN(c)_BS	0.0
DM_PLAST(s)_BS	0.0
DM_PLGNG(c)_BS	0.0
DM_PQNNE(s)_BS	0.0
DM_PRIMARDN(s)_BS	0.0
DM_QRCTN3G(c)_BS	0.0
DM_SCLGN(c)_BS	0.0
DM_SQ12DGR_OS(s)_BS	0.0
DM_SRNTN(c)_BS	0.0
DM_STCSD(c)_BS	0.0
DM_TRICING(c)_BS	0.0
DM_TRPN(c)_BS	0.0
DM_T-ZTN7G(c)_BS	0.0
DM_T-ZTN9G(c)_BS	0.0
DM_T-ZTNG(c)_BS	0.0
DM_T-ZTNR(c)_BS	0.0
DM_VTXN(c)_BS	0.0
DM_YVITE(s)_BS	0.0
DM_PSI_BS	0.0
DM_PSII_BS	0.0
DM_Phloem_BS	0.35749909095388654
ngam_atp_c_BS	0.9213727272727272
ngam_atp_s_BS	0.0
ngam_atp_x_BS	0.0
ngam_atp_m_BS	0.0
ngam_nadphox_c_BS	0.16219733756586605
ngam_nadphox_s_BS	0.16219733756586605
ngam_nadphox_m_BS	0.16219733756586605
RBPOs_BS	0.14023629255895761
DM_o2(c)_BS	0.0
DM_h(c)_BS	0.0
DM_h(s)_BS	0.0
DM_h(x)_BS	0.0
DM_h(m)_BS	0.0
DM_h(u)_BS	0.0
DM_h(v)_BS	0.0
DM_h(r)_BS	0.0
ala-L_pd	-0.09062084329625986
arg-L_pd	0.02039174814805733
asp-L_pd	0.12319418674269803
cys-L_pd	0.0
glu-L_pd	-0.02039174814805733
gly_pd	-0.07011814627947881
his-L_pd	0.0
ile-L_pd	0.007292981455459286
leu-L_pd	0.006148984364406848
lys-L_pd	0.0
met-L_pd	0.0
phe-L_pd	0.001537246091101712
pro-L_pd	0.0
ser-L_pd	-0.05626653362426115
thr-L_pd	0.015729960001971008
trp-L_pd	0.0
tyr-L_pd	0.0019269201002414483
val-L_pd	0.0
glc-A_pd	0.0
sucr_pd	0.22093443820950187
fru-B_pd	0.0
udparab_pd	0.0
udpxyl_pd	0.0
udpgal_pd	0.0
udpg_pd	0.0
udpglcur_pd	0.0
co2_pd	0.0
h2o_pd	0.2691372538441996
o2_pd	0.0
pep_pd	0.0
pyr_pd	0.10379468479790373
mal-L_pd	0.0
accoa_pd	0.0
glu5p_pd	0.0
akg_pd	0.0
icit_pd	0.16219733756577834
gal_pd	0.0
g1p_pd	0.0
tre_pd	0.0
glc-B_pd	0.0
tre6p_pd	0.0
g6p-A_pd	2.9092007313888986
b-glucan_pd	0.0
mnt_pd	0.0
melib_pd	0.0
stc_pd	0.0
raffin_pd	0.0
1Dgali_pd	0.0
inost_pd	0.0
cit_pd	0.0
oxa_pd	0.0
2pg_pd	0.0
dhap_pd	0.0
g3p_pd	0.0
3pg_pd	0.0
glyclt_pd	0.3509975354582775
acon-C_pd	0.0
succ_pd	0.0
trans_PPCs_M	0.47676078769613284
trans_PPDKs_M	0.0
trans_PPDKs_BS	0.0
trans_MDHym_M	0.9639248846563561
trans_MDHm_M	3.892303014408962
trans_MDHs_M	0.0
trans_MDHs_BS	0.0
trans_hco3ec_M	-0.47676078769613284
